#options: 2560x1440 fps=24/1 timebase=1/24 bitdepth=8 cabac=1 ref=1 deblock=1:0:0 analyse=0x1:0 me=dia subme=2 psy=1 psy_rd=1.00:0.00 mixed_ref=0 me_range=16 chroma_me=1 trellis=0 8x8dct=0 cqm=0 deadzone=21,11 fast_pskip=1 chroma_qp_offset=0 threads=15 lookahead_threads=5 sliced_threads=0 nr=0 decimate=1 interlaced=0 bluray_compat=0 constrained_intra=0 bframes=3 b_pyramid=2 b_adapt=1 b_bias=0 direct=3 weightb=1 open_gop=0 weightp=2 keyint=250 keyint_min=24 scenecut=40 intra_refresh=0 rc_lookahead=50 rc=abr mbtree=1 bitrate=11000 ratetol=1.0 qcomp=0.60 qpmin=0 qpmax=69 qpstep=4 ip_ratio=1.40 aq=1:1.00
in:0 out:0 type:I dur:2 cpbdur:2 q:18.51 aq:11.82 tex:6969884 mv:588965 misc:775 imb:14400 pmb:0 smb:0 d:- ref:;
in:4 out:1 type:P dur:2 cpbdur:2 q:22.62 aq:15.93 tex:2351610 mv:68064 misc:2102 imb:1190 pmb:12968 smb:242 d:- ref:0 ;
in:2 out:2 type:B dur:2 cpbdur:2 q:22.62 aq:19.47 tex:268981 mv:70020 misc:10063 imb:130 pmb:10759 smb:3511 d:s ref:0 ;
in:1 out:3 type:b dur:2 cpbdur:2 q:22.62 aq:21.13 tex:64025 mv:56092 misc:10435 imb:124 pmb:9975 smb:4301 d:s ref:0 ;
in:3 out:4 type:b dur:2 cpbdur:2 q:22.62 aq:21.11 tex:113809 mv:29850 misc:13533 imb:40 pmb:6215 smb:8145 d:- ref:0 ;
in:8 out:5 type:P dur:2 cpbdur:2 q:23.17 aq:16.29 tex:2229514 mv:68060 misc:2898 imb:1043 pmb:12834 smb:523 d:- ref:0 ;
in:6 out:6 type:B dur:2 cpbdur:2 q:22.89 aq:19.66 tex:327765 mv:60045 misc:11974 imb:80 pmb:9784 smb:4536 d:s ref:0 ;
in:5 out:7 type:b dur:2 cpbdur:2 q:22.75 aq:21.38 tex:83502 mv:66342 misc:10092 imb:41 pmb:9889 smb:4470 d:s ref:0 ;
in:7 out:8 type:b dur:2 cpbdur:2 q:23.03 aq:21.27 tex:94227 mv:29041 misc:13100 imb:31 pmb:5337 smb:9032 d:- ref:0 ;
in:12 out:9 type:P dur:2 cpbdur:2 q:23.63 aq:16.65 tex:1989973 mv:64853 misc:3630 imb:814 pmb:12687 smb:899 d:- ref:0 ;
in:10 out:10 type:B dur:2 cpbdur:2 q:23.40 aq:20.05 tex:319106 mv:77700 misc:8234 imb:68 pmb:11283 smb:3049 d:s ref:0 ;
in:9 out:11 type:b dur:2 cpbdur:2 q:23.28 aq:21.89 tex:60923 mv:63141 misc:9224 imb:27 pmb:10112 smb:4261 d:s ref:0 ;
in:11 out:12 type:b dur:2 cpbdur:2 q:23.51 aq:22.03 tex:64497 mv:22647 misc:11768 imb:18 pmb:4070 smb:10312 d:- ref:0 ;
in:16 out:13 type:P dur:2 cpbdur:2 q:24.00 aq:17.02 tex:1793818 mv:62126 misc:3960 imb:680 pmb:12608 smb:1112 d:- ref:0 ;
in:14 out:14 type:B dur:2 cpbdur:2 q:23.81 aq:20.49 tex:257288 mv:86787 misc:7557 imb:49 pmb:11318 smb:3033 d:s ref:0 ;
in:13 out:15 type:b dur:2 cpbdur:2 q:23.72 aq:22.43 tex:72195 mv:69689 misc:7492 imb:21 pmb:10947 smb:3432 d:s ref:0 ;
in:15 out:16 type:b dur:2 cpbdur:2 q:23.90 aq:22.52 tex:90694 mv:28284 misc:12462 imb:14 pmb:5005 smb:9381 d:- ref:0 ;
in:20 out:17 type:P dur:2 cpbdur:2 q:32.00 aq:24.74 tex:342290 mv:39633 misc:9997 imb:329 pmb:7057 smb:7014 d:s ref:0 ;
in:18 out:18 type:B dur:2 cpbdur:2 q:28.00 aq:24.35 tex:89279 mv:26296 misc:10513 imb:21 pmb:3703 smb:10676 d:s ref:0 ;
in:17 out:19 type:b dur:2 cpbdur:2 q:26.00 aq:24.58 tex:26903 mv:13029 misc:7988 imb:12 pmb:2038 smb:12350 d:s ref:0 ;
in:19 out:20 type:b dur:2 cpbdur:2 q:30.00 aq:28.08 tex:7992 mv:6583 misc:4841 imb:1 pmb:1152 smb:13247 d:- ref:0 ;
in:24 out:21 type:P dur:2 cpbdur:2 q:36.11 aq:29.44 tex:86875 mv:22790 misc:9047 imb:95 pmb:3647 smb:10658 d:s ref:0 ;
in:22 out:22 type:B dur:2 cpbdur:2 q:34.05 aq:31.35 tex:9711 mv:9443 misc:4550 imb:3 pmb:991 smb:13406 d:t ref:0 ;
in:21 out:23 type:b dur:2 cpbdur:2 q:33.02 aq:31.66 tex:2505 mv:3798 misc:2665 imb:1 pmb:499 smb:13900 d:s ref:0 ;
in:23 out:24 type:b dur:2 cpbdur:2 q:35.08 aq:30.62 tex:1568 mv:3249 misc:2263 imb:0 pmb:392 smb:14008 d:- ref:0 ;
in:28 out:25 type:P dur:2 cpbdur:2 q:34.16 aq:27.18 tex:316354 mv:46919 misc:8719 imb:988 pmb:6669 smb:6743 d:s ref:0 ;
in:26 out:26 type:B dur:2 cpbdur:2 q:35.13 aq:32.24 tex:9990 mv:10992 misc:4858 imb:5 pmb:1114 smb:13281 d:t ref:0 ;
in:25 out:27 type:b dur:2 cpbdur:2 q:35.62 aq:33.79 tex:1237 mv:3389 misc:2350 imb:2 pmb:380 smb:14018 d:s ref:0 ;
in:27 out:28 type:b dur:2 cpbdur:2 q:34.65 aq:32.78 tex:2403 mv:3844 misc:2553 imb:1 pmb:455 smb:13944 d:- ref:0 ;
in:32 out:29 type:P dur:2 cpbdur:2 q:32.60 aq:25.29 tex:475316 mv:54947 misc:8577 imb:790 pmb:8745 smb:4865 d:s ref:0 ;
in:30 out:30 type:B dur:2 cpbdur:2 q:33.38 aq:30.26 tex:21318 mv:16265 misc:6681 imb:8 pmb:1810 smb:12582 d:s ref:0 ;
in:29 out:31 type:b dur:2 cpbdur:2 q:33.77 aq:32.10 tex:3411 mv:5769 misc:3036 imb:2 pmb:574 smb:13824 d:s ref:0 ;
in:31 out:32 type:b dur:2 cpbdur:2 q:32.99 aq:32.25 tex:3747 mv:6003 misc:3546 imb:4 pmb:748 smb:13648 d:- ref:0 ;
in:36 out:33 type:P dur:2 cpbdur:2 q:30.82 aq:23.81 tex:623864 mv:53416 misc:7392 imb:543 pmb:10230 smb:3627 d:s ref:0 ;
in:34 out:34 type:B dur:2 cpbdur:2 q:31.71 aq:29.12 tex:19708 mv:14795 misc:6673 imb:14 pmb:1680 smb:12706 d:t ref:0 ;
in:33 out:35 type:b dur:2 cpbdur:2 q:32.16 aq:29.74 tex:3566 mv:4968 misc:2978 imb:2 pmb:575 smb:13823 d:s ref:0 ;
in:35 out:36 type:b dur:2 cpbdur:2 q:31.27 aq:30.02 tex:5493 mv:6680 misc:4067 imb:2 pmb:850 smb:13548 d:- ref:0 ;
in:40 out:37 type:P dur:2 cpbdur:2 q:29.08 aq:21.91 tex:1050885 mv:66036 misc:5455 imb:1077 pmb:11024 smb:2299 d:s ref:0 ;
in:38 out:38 type:B dur:2 cpbdur:2 q:29.95 aq:26.84 tex:51927 mv:25362 misc:9119 imb:11 pmb:3004 smb:11385 d:t ref:0 ;
in:37 out:39 type:b dur:2 cpbdur:2 q:30.39 aq:29.39 tex:6342 mv:8823 misc:4723 imb:4 pmb:1005 smb:13391 d:s ref:0 ;
in:39 out:40 type:b dur:2 cpbdur:2 q:29.52 aq:28.03 tex:15542 mv:11676 misc:6670 imb:7 pmb:1593 smb:12800 d:- ref:0 ;
in:44 out:41 type:P dur:2 cpbdur:2 q:28.06 aq:21.03 tex:1058447 mv:58490 misc:4895 imb:516 pmb:11770 smb:2114 d:s ref:0 ;
in:42 out:42 type:B dur:2 cpbdur:2 q:28.57 aq:24.85 tex:60583 mv:23853 misc:9988 imb:20 pmb:3183 smb:11197 d:t ref:0 ;
in:41 out:43 type:b dur:2 cpbdur:2 q:28.83 aq:27.50 tex:8958 mv:7889 misc:4873 imb:3 pmb:1016 smb:13381 d:s ref:0 ;
in:43 out:44 type:b dur:2 cpbdur:2 q:28.31 aq:26.19 tex:13077 mv:9046 misc:5125 imb:5 pmb:1149 smb:13246 d:- ref:0 ;
in:48 out:45 type:P dur:2 cpbdur:2 q:27.34 aq:20.31 tex:1363304 mv:61073 misc:4207 imb:674 pmb:12015 smb:1711 d:s ref:0 ;
in:46 out:46 type:B dur:2 cpbdur:2 q:27.70 aq:24.41 tex:87559 mv:30407 misc:11018 imb:22 pmb:4019 smb:10359 d:s ref:0 ;
in:45 out:47 type:b dur:2 cpbdur:2 q:27.88 aq:26.70 tex:14754 mv:9407 misc:5583 imb:3 pmb:1230 smb:13167 d:s ref:0 ;
in:47 out:48 type:b dur:2 cpbdur:2 q:27.52 aq:25.90 tex:22790 mv:13141 misc:7493 imb:6 pmb:1945 smb:12449 d:- ref:0 ;
in:52 out:49 type:P dur:2 cpbdur:2 q:26.87 aq:19.89 tex:1225893 mv:56529 misc:4866 imb:434 pmb:11976 smb:1990 d:s ref:0 ;
in:50 out:50 type:B dur:2 cpbdur:2 q:27.11 aq:24.19 tex:72022 mv:27255 misc:9715 imb:19 pmb:3123 smb:11258 d:s ref:0 ;
in:49 out:51 type:b dur:2 cpbdur:2 q:27.22 aq:25.90 tex:16349 mv:12807 misc:6380 imb:4 pmb:1510 smb:12886 d:s ref:0 ;
in:51 out:52 type:b dur:2 cpbdur:2 q:26.99 aq:25.49 tex:25237 mv:13781 misc:7390 imb:5 pmb:1868 smb:12527 d:- ref:0 ;
in:56 out:53 type:P dur:2 cpbdur:2 q:26.80 aq:19.98 tex:1186108 mv:53417 misc:5187 imb:474 pmb:11669 smb:2257 d:s ref:0 ;
in:54 out:54 type:B dur:2 cpbdur:2 q:26.84 aq:23.74 tex:83006 mv:28053 misc:11005 imb:27 pmb:3815 smb:10558 d:s ref:0 ;
in:53 out:55 type:b dur:2 cpbdur:2 q:26.86 aq:25.34 tex:22309 mv:11930 misc:6969 imb:6 pmb:1691 smb:12703 d:s ref:0 ;
in:55 out:56 type:b dur:2 cpbdur:2 q:26.82 aq:25.72 tex:18564 mv:11409 misc:6355 imb:7 pmb:1452 smb:12941 d:- ref:0 ;
in:60 out:57 type:P dur:2 cpbdur:2 q:26.87 aq:19.85 tex:1339089 mv:60021 misc:5138 imb:768 pmb:11441 smb:2191 d:s ref:0 ;
in:58 out:58 type:B dur:2 cpbdur:2 q:26.84 aq:23.33 tex:128424 mv:35905 misc:11655 imb:37 pmb:5024 smb:9339 d:s ref:0 ;
in:57 out:59 type:b dur:2 cpbdur:2 q:26.82 aq:25.75 tex:14191 mv:10145 misc:5944 imb:4 pmb:1248 smb:13148 d:s ref:0 ;
in:59 out:60 type:b dur:2 cpbdur:2 q:26.85 aq:25.04 tex:32959 mv:16076 misc:9453 imb:9 pmb:2763 smb:11628 d:- ref:0 ;
in:64 out:61 type:P dur:2 cpbdur:2 q:27.00 aq:20.11 tex:1062858 mv:51927 misc:5703 imb:382 pmb:11551 smb:2467 d:s ref:0 ;
in:62 out:62 type:B dur:2 cpbdur:2 q:26.93 aq:23.90 tex:93925 mv:32717 misc:11838 imb:28 pmb:4393 smb:9979 d:s ref:0 ;
in:61 out:63 type:b dur:2 cpbdur:2 q:26.90 aq:25.50 tex:17438 mv:11953 misc:7089 imb:9 pmb:1728 smb:12663 d:s ref:0 ;
in:63 out:64 type:b dur:2 cpbdur:2 q:26.97 aq:25.96 tex:15854 mv:10948 misc:6318 imb:8 pmb:1499 smb:12893 d:- ref:0 ;
in:68 out:65 type:P dur:2 cpbdur:2 q:26.92 aq:20.12 tex:1197005 mv:55408 misc:4763 imb:457 pmb:11527 smb:2416 d:s ref:0 ;
in:66 out:66 type:B dur:2 cpbdur:2 q:26.96 aq:23.97 tex:79630 mv:28786 misc:10384 imb:28 pmb:3538 smb:10834 d:s ref:0 ;
in:65 out:67 type:b dur:2 cpbdur:2 q:26.98 aq:24.99 tex:13951 mv:9102 misc:5459 imb:3 pmb:1203 smb:13194 d:s ref:0 ;
in:67 out:68 type:b dur:2 cpbdur:2 q:26.94 aq:25.25 tex:25594 mv:14215 misc:7295 imb:8 pmb:1841 smb:12551 d:- ref:0 ;
in:72 out:69 type:P dur:2 cpbdur:2 q:26.84 aq:20.10 tex:1433413 mv:59366 misc:3717 imb:726 pmb:11913 smb:1761 d:s ref:0 ;
in:70 out:70 type:B dur:2 cpbdur:2 q:26.88 aq:23.92 tex:87531 mv:31091 misc:11082 imb:31 pmb:3973 smb:10396 d:s ref:0 ;
in:69 out:71 type:b dur:2 cpbdur:2 q:26.90 aq:25.25 tex:26281 mv:13648 misc:7895 imb:8 pmb:2126 smb:12266 d:s ref:0 ;
in:71 out:72 type:b dur:2 cpbdur:2 q:26.86 aq:25.40 tex:24994 mv:14796 misc:7898 imb:10 pmb:2006 smb:12384 d:- ref:0 ;
in:76 out:73 type:P dur:2 cpbdur:2 q:26.70 aq:19.90 tex:1171500 mv:55992 misc:5516 imb:524 pmb:11652 smb:2224 d:s ref:0 ;
in:74 out:74 type:B dur:2 cpbdur:2 q:26.77 aq:24.03 tex:84153 mv:31076 misc:10859 imb:20 pmb:3879 smb:10501 d:s ref:0 ;
in:73 out:75 type:b dur:2 cpbdur:2 q:26.81 aq:25.36 tex:16775 mv:11209 misc:6000 imb:6 pmb:1402 smb:12992 d:s ref:0 ;
in:75 out:76 type:b dur:2 cpbdur:2 q:26.74 aq:25.26 tex:35181 mv:19401 misc:9322 imb:9 pmb:2721 smb:11670 d:- ref:0 ;
in:80 out:77 type:P dur:2 cpbdur:2 q:26.51 aq:19.55 tex:1533768 mv:63730 misc:4126 imb:790 pmb:11759 smb:1851 d:s ref:0 ;
in:78 out:78 type:B dur:2 cpbdur:2 q:26.61 aq:23.22 tex:160186 mv:37439 misc:12207 imb:32 pmb:5825 smb:8543 d:s ref:0 ;
in:77 out:79 type:b dur:2 cpbdur:2 q:26.66 aq:25.09 tex:25925 mv:13967 misc:7780 imb:7 pmb:1949 smb:12444 d:s ref:0 ;
in:79 out:80 type:b dur:2 cpbdur:2 q:26.56 aq:25.28 tex:28046 mv:15112 misc:8058 imb:4 pmb:2118 smb:12278 d:- ref:0 ;
in:84 out:81 type:P dur:2 cpbdur:2 q:26.41 aq:19.54 tex:1229242 mv:54552 misc:5062 imb:472 pmb:11825 smb:2103 d:s ref:0 ;
in:82 out:82 type:B dur:2 cpbdur:2 q:26.46 aq:23.62 tex:89120 mv:28394 misc:10542 imb:19 pmb:3628 smb:10753 d:s ref:0 ;
in:81 out:83 type:b dur:2 cpbdur:2 q:26.49 aq:25.29 tex:19445 mv:12936 misc:7083 imb:12 pmb:1650 smb:12738 d:s ref:0 ;
in:83 out:84 type:b dur:2 cpbdur:2 q:26.44 aq:25.11 tex:32677 mv:16904 misc:8843 imb:6 pmb:2436 smb:11958 d:- ref:0 ;
in:88 out:85 type:P dur:2 cpbdur:2 q:26.36 aq:19.58 tex:1331799 mv:56217 misc:4528 imb:522 pmb:11828 smb:2050 d:s ref:0 ;
in:86 out:86 type:B dur:2 cpbdur:2 q:26.39 aq:23.34 tex:96363 mv:31315 misc:11314 imb:28 pmb:4187 smb:10185 d:s ref:0 ;
in:85 out:87 type:b dur:2 cpbdur:2 q:26.40 aq:24.71 tex:27228 mv:15006 misc:8518 imb:15 pmb:2200 smb:12185 d:s ref:0 ;
in:87 out:88 type:b dur:2 cpbdur:2 q:26.38 aq:24.64 tex:19452 mv:11465 misc:6395 imb:6 pmb:1426 smb:12968 d:- ref:0 ;
in:92 out:89 type:P dur:2 cpbdur:2 q:26.26 aq:19.38 tex:1324213 mv:58183 misc:4852 imb:619 pmb:11686 smb:2095 d:s ref:0 ;
in:90 out:90 type:B dur:2 cpbdur:2 q:26.31 aq:23.23 tex:103048 mv:33226 misc:11430 imb:25 pmb:4612 smb:9763 d:s ref:0 ;
in:89 out:91 type:b dur:2 cpbdur:2 q:26.34 aq:25.52 tex:21262 mv:14553 misc:6977 imb:6 pmb:1650 smb:12744 d:s ref:0 ;
in:91 out:92 type:b dur:2 cpbdur:2 q:26.28 aq:24.56 tex:37916 mv:18913 misc:9763 imb:10 pmb:2858 smb:11532 d:- ref:0 ;
in:96 out:93 type:P dur:2 cpbdur:2 q:26.29 aq:19.40 tex:1474211 mv:58499 misc:4458 imb:690 pmb:11935 smb:1775 d:s ref:0 ;
in:94 out:94 type:B dur:2 cpbdur:2 q:26.27 aq:23.03 tex:168924 mv:38888 misc:12036 imb:39 pmb:6080 smb:8281 d:s ref:0 ;
in:93 out:95 type:b dur:2 cpbdur:2 q:26.26 aq:24.73 tex:26317 mv:14203 misc:8056 imb:9 pmb:2044 smb:12347 d:s ref:0 ;
in:95 out:96 type:b dur:2 cpbdur:2 q:26.28 aq:24.87 tex:23994 mv:12606 misc:7696 imb:5 pmb:1891 smb:12504 d:- ref:0 ;
in:100 out:97 type:P dur:2 cpbdur:2 q:26.23 aq:19.27 tex:1427263 mv:58637 misc:4548 imb:630 pmb:11880 smb:1890 d:s ref:0 ;
in:98 out:98 type:B dur:2 cpbdur:2 q:26.26 aq:23.12 tex:107034 mv:31129 misc:11445 imb:37 pmb:4060 smb:10303 d:s ref:0 ;
in:97 out:99 type:b dur:2 cpbdur:2 q:26.28 aq:25.13 tex:15854 mv:10476 misc:6702 imb:3 pmb:1478 smb:12919 d:s ref:0 ;
in:99 out:100 type:b dur:2 cpbdur:2 q:26.24 aq:24.78 tex:46080 mv:19553 misc:10127 imb:11 pmb:3095 smb:11294 d:- ref:0 ;
in:104 out:101 type:P dur:2 cpbdur:2 q:26.19 aq:19.23 tex:1334807 mv:57687 misc:4546 imb:585 pmb:12089 smb:1726 d:s ref:0 ;
in:102 out:102 type:B dur:2 cpbdur:2 q:26.21 aq:22.99 tex:79190 mv:27450 misc:10608 imb:24 pmb:3504 smb:10872 d:s ref:0 ;
in:101 out:103 type:b dur:2 cpbdur:2 q:26.22 aq:23.89 tex:16544 mv:12836 misc:8084 imb:16 pmb:1933 smb:12451 d:s ref:0 ;
in:103 out:104 type:b dur:2 cpbdur:2 q:26.20 aq:24.99 tex:29951 mv:17902 misc:8275 imb:13 pmb:2161 smb:12226 d:- ref:0 ;
in:108 out:105 type:P dur:2 cpbdur:2 q:26.14 aq:19.05 tex:1299375 mv:57217 misc:5280 imb:600 pmb:11806 smb:1994 d:s ref:0 ;
in:106 out:106 type:B dur:2 cpbdur:2 q:26.16 aq:22.74 tex:115400 mv:33480 misc:11688 imb:22 pmb:4730 smb:9648 d:s ref:0 ;
in:105 out:107 type:b dur:2 cpbdur:2 q:26.18 aq:24.01 tex:10161 mv:8024 misc:5103 imb:6 pmb:1029 smb:13365 d:s ref:0 ;
in:107 out:108 type:b dur:2 cpbdur:2 q:26.15 aq:24.40 tex:39574 mv:19667 misc:9703 imb:10 pmb:2837 smb:11553 d:- ref:0 ;
in:112 out:109 type:P dur:2 cpbdur:2 q:26.16 aq:19.03 tex:1393560 mv:57636 misc:4596 imb:567 pmb:11755 smb:2078 d:s ref:0 ;
in:110 out:110 type:B dur:2 cpbdur:2 q:26.15 aq:22.77 tex:115445 mv:33586 misc:11537 imb:18 pmb:4484 smb:9898 d:s ref:0 ;
in:109 out:111 type:b dur:2 cpbdur:2 q:26.14 aq:24.49 tex:23118 mv:13673 misc:7977 imb:8 pmb:2024 smb:12368 d:s ref:0 ;
in:111 out:112 type:b dur:2 cpbdur:2 q:26.15 aq:24.55 tex:29539 mv:16356 misc:8033 imb:12 pmb:2038 smb:12350 d:- ref:0 ;
in:116 out:113 type:P dur:2 cpbdur:2 q:26.12 aq:19.13 tex:1315421 mv:56420 misc:4927 imb:496 pmb:11752 smb:2152 d:s ref:0 ;
in:114 out:114 type:B dur:2 cpbdur:2 q:26.14 aq:22.74 tex:120970 mv:32847 misc:11999 imb:23 pmb:4838 smb:9539 d:s ref:0 ;
in:113 out:115 type:b dur:2 cpbdur:2 q:26.15 aq:24.52 tex:11691 mv:7656 misc:5141 imb:8 pmb:1038 smb:13354 d:s ref:0 ;
in:115 out:116 type:b dur:2 cpbdur:2 q:26.13 aq:24.69 tex:37887 mv:18323 misc:8774 imb:14 pmb:2446 smb:11940 d:- ref:0 ;
in:120 out:117 type:P dur:2 cpbdur:2 q:26.04 aq:18.99 tex:1437739 mv:60727 misc:4622 imb:774 pmb:11750 smb:1876 d:s ref:0 ;
in:118 out:118 type:B dur:2 cpbdur:2 q:26.08 aq:22.51 tex:118548 mv:33750 misc:12086 imb:32 pmb:4895 smb:9473 d:s ref:0 ;
in:117 out:119 type:b dur:2 cpbdur:2 q:26.10 aq:24.25 tex:20297 mv:10700 misc:7259 imb:6 pmb:1765 smb:12629 d:s ref:0 ;
in:119 out:120 type:b dur:2 cpbdur:2 q:26.06 aq:24.26 tex:53138 mv:21301 misc:10425 imb:13 pmb:3273 smb:11114 d:- ref:0 ;
in:124 out:121 type:P dur:2 cpbdur:2 q:25.99 aq:19.02 tex:1229859 mv:56396 misc:4809 imb:557 pmb:11942 smb:1901 d:s ref:0 ;
in:122 out:122 type:B dur:2 cpbdur:2 q:26.02 aq:22.59 tex:91971 mv:30002 misc:11731 imb:30 pmb:4290 smb:10080 d:s ref:0 ;
in:121 out:123 type:b dur:2 cpbdur:2 q:26.03 aq:24.08 tex:17992 mv:10988 misc:7052 imb:6 pmb:1656 smb:12738 d:s ref:0 ;
in:123 out:124 type:b dur:2 cpbdur:2 q:26.01 aq:24.18 tex:51198 mv:24360 misc:11050 imb:25 pmb:3691 smb:10684 d:- ref:0 ;
in:128 out:125 type:P dur:2 cpbdur:2 q:25.94 aq:18.98 tex:1489748 mv:59369 misc:3987 imb:579 pmb:11895 smb:1926 d:s ref:0 ;
in:126 out:126 type:B dur:2 cpbdur:2 q:25.97 aq:22.69 tex:128775 mv:35144 misc:12169 imb:31 pmb:5028 smb:9341 d:s ref:0 ;
in:125 out:127 type:b dur:2 cpbdur:2 q:25.98 aq:24.26 tex:27753 mv:14198 misc:9057 imb:13 pmb:2445 smb:11942 d:s ref:0 ;
in:127 out:128 type:b dur:2 cpbdur:2 q:25.96 aq:24.55 tex:38199 mv:19643 misc:8806 imb:11 pmb:2460 smb:11929 d:- ref:0 ;
in:132 out:129 type:P dur:2 cpbdur:2 q:25.94 aq:19.13 tex:1389499 mv:57286 misc:4263 imb:491 pmb:11917 smb:1992 d:s ref:0 ;
in:130 out:130 type:B dur:2 cpbdur:2 q:25.94 aq:22.84 tex:115051 mv:30711 misc:11718 imb:22 pmb:4658 smb:9720 d:s ref:0 ;
in:129 out:131 type:b dur:2 cpbdur:2 q:25.94 aq:24.16 tex:11923 mv:7985 misc:5668 imb:3 pmb:1185 smb:13212 d:s ref:0 ;
in:131 out:132 type:b dur:2 cpbdur:2 q:25.94 aq:24.42 tex:30962 mv:17889 misc:8629 imb:4 pmb:2252 smb:12144 d:- ref:0 ;
in:136 out:133 type:P dur:2 cpbdur:2 q:25.92 aq:19.18 tex:1355207 mv:58948 misc:4541 imb:636 pmb:11736 smb:2028 d:s ref:0 ;
in:134 out:134 type:B dur:2 cpbdur:2 q:25.93 aq:23.05 tex:91328 mv:31778 misc:11166 imb:27 pmb:4025 smb:10348 d:s ref:0 ;
in:133 out:135 type:b dur:2 cpbdur:2 q:25.93 aq:24.17 tex:17183 mv:10158 misc:6723 imb:5 pmb:1510 smb:12885 d:s ref:0 ;
in:135 out:136 type:b dur:2 cpbdur:2 q:25.92 aq:24.15 tex:50171 mv:24709 misc:11624 imb:20 pmb:3955 smb:10425 d:- ref:0 ;
in:140 out:137 type:P dur:2 cpbdur:2 q:25.87 aq:18.93 tex:1558127 mv:68875 misc:4206 imb:1262 pmb:12024 smb:1114 d:s ref:0 ;
in:138 out:138 type:B dur:2 cpbdur:2 q:25.89 aq:22.61 tex:148631 mv:38279 misc:12802 imb:62 pmb:5747 smb:8591 d:s ref:0 ;
in:137 out:139 type:b dur:2 cpbdur:2 q:25.91 aq:23.81 tex:16575 mv:11829 misc:7428 imb:19 pmb:1701 smb:12680 d:s ref:0 ;
in:139 out:140 type:b dur:2 cpbdur:2 q:25.88 aq:24.10 tex:41447 mv:19407 misc:9570 imb:48 pmb:2754 smb:11598 d:- ref:0 ;
in:144 out:141 type:P dur:2 cpbdur:2 q:25.89 aq:19.01 tex:1845062 mv:64192 misc:3466 imb:967 pmb:12446 smb:987 d:s ref:0 ;
in:142 out:142 type:B dur:2 cpbdur:2 q:25.88 aq:22.68 tex:108371 mv:33918 misc:12463 imb:56 pmb:5031 smb:9313 d:s ref:0 ;
in:141 out:143 type:b dur:2 cpbdur:2 q:25.87 aq:23.81 tex:14108 mv:8689 misc:6211 imb:18 pmb:1332 smb:13050 d:s ref:0 ;
in:143 out:144 type:b dur:2 cpbdur:2 q:25.89 aq:24.32 tex:47168 mv:20884 misc:9828 imb:18 pmb:2801 smb:11581 d:- ref:0 ;
in:148 out:145 type:P dur:2 cpbdur:2 q:25.89 aq:19.03 tex:1334814 mv:55210 misc:5400 imb:616 pmb:11960 smb:1824 d:s ref:0 ;
in:146 out:146 type:B dur:2 cpbdur:2 q:25.89 aq:22.59 tex:94563 mv:25691 misc:10778 imb:33 pmb:3719 smb:10648 d:s ref:0 ;
in:145 out:147 type:b dur:2 cpbdur:2 q:25.89 aq:23.72 tex:11352 mv:6181 misc:4939 imb:9 pmb:972 smb:13419 d:s ref:0 ;
in:147 out:148 type:b dur:2 cpbdur:2 q:25.89 aq:24.37 tex:36815 mv:17729 misc:8568 imb:6 pmb:2320 smb:12074 d:- ref:0 ;
in:152 out:149 type:P dur:2 cpbdur:2 q:25.82 aq:18.84 tex:1475674 mv:58606 misc:4832 imb:648 pmb:11913 smb:1839 d:s ref:0 ;
in:150 out:150 type:B dur:2 cpbdur:2 q:25.86 aq:22.44 tex:96961 mv:29172 misc:11171 imb:32 pmb:3771 smb:10597 d:s ref:0 ;
in:149 out:151 type:b dur:2 cpbdur:2 q:25.87 aq:23.66 tex:15498 mv:9696 misc:6094 imb:8 pmb:1319 smb:13073 d:s ref:0 ;
in:151 out:152 type:b dur:2 cpbdur:2 q:25.84 aq:24.26 tex:42172 mv:19447 misc:9917 imb:9 pmb:2899 smb:11492 d:- ref:0 ;
in:156 out:153 type:P dur:2 cpbdur:2 q:25.85 aq:19.08 tex:1268673 mv:53490 misc:4957 imb:510 pmb:11904 smb:1986 d:s ref:0 ;
in:154 out:154 type:B dur:2 cpbdur:2 q:25.84 aq:23.07 tex:86779 mv:27183 misc:10342 imb:19 pmb:3567 smb:10814 d:s ref:0 ;
in:153 out:155 type:b dur:2 cpbdur:2 q:25.83 aq:23.61 tex:16209 mv:10774 misc:7465 imb:10 pmb:1721 smb:12669 d:s ref:0 ;
in:155 out:156 type:b dur:2 cpbdur:2 q:25.84 aq:24.43 tex:32874 mv:18482 misc:9196 imb:9 pmb:2573 smb:11818 d:- ref:0 ;
in:160 out:157 type:P dur:2 cpbdur:2 q:25.89 aq:18.95 tex:1561522 mv:61614 misc:4792 imb:933 pmb:11586 smb:1881 d:s ref:0 ;
in:158 out:158 type:B dur:2 cpbdur:2 q:25.87 aq:22.47 tex:129677 mv:32743 misc:11964 imb:16 pmb:4919 smb:9465 d:s ref:0 ;
in:157 out:159 type:b dur:2 cpbdur:2 q:25.86 aq:24.51 tex:16038 mv:8865 misc:6393 imb:11 pmb:1341 smb:13048 d:s ref:0 ;
in:159 out:160 type:b dur:2 cpbdur:2 q:25.88 aq:24.43 tex:69667 mv:27228 misc:11649 imb:22 pmb:4290 smb:10088 d:- ref:0 ;
in:164 out:161 type:P dur:2 cpbdur:2 q:25.89 aq:19.00 tex:1299120 mv:56354 misc:4998 imb:474 pmb:11892 smb:2034 d:s ref:0 ;
in:162 out:162 type:B dur:2 cpbdur:2 q:25.89 aq:22.50 tex:102785 mv:32445 misc:11946 imb:27 pmb:4613 smb:9760 d:s ref:0 ;
in:161 out:163 type:b dur:2 cpbdur:2 q:25.89 aq:24.02 tex:19977 mv:13139 misc:8028 imb:7 pmb:1977 smb:12416 d:s ref:0 ;
in:163 out:164 type:b dur:2 cpbdur:2 q:25.89 aq:24.16 tex:42862 mv:19763 misc:9735 imb:14 pmb:2939 smb:11447 d:- ref:0 ;
in:166 out:165 type:P dur:2 cpbdur:2 q:25.86 aq:19.07 tex:767334 mv:35662 misc:7836 imb:257 pmb:10928 smb:3215 d:s ref:0 ;
in:165 out:166 type:b dur:2 cpbdur:2 q:25.88 aq:23.93 tex:19463 mv:11109 misc:6820 imb:4 pmb:1654 smb:12742 d:s ref:0 ;
in:170 out:167 type:P dur:2 cpbdur:2 q:25.70 aq:18.87 tex:1492899 mv:59157 misc:4072 imb:559 pmb:11907 smb:1934 d:s ref:0 ;
in:168 out:168 type:B dur:2 cpbdur:2 q:25.78 aq:22.51 tex:153278 mv:40476 misc:12174 imb:28 pmb:6052 smb:8320 d:s ref:0 ;
in:167 out:169 type:b dur:2 cpbdur:2 q:25.82 aq:24.61 tex:33757 mv:18725 misc:8894 imb:10 pmb:2408 smb:11982 d:s ref:0 ;
in:169 out:170 type:b dur:2 cpbdur:2 q:25.74 aq:24.35 tex:12431 mv:8168 misc:5329 imb:7 pmb:1061 smb:13332 d:- ref:0 ;
in:174 out:171 type:P dur:2 cpbdur:2 q:25.69 aq:18.91 tex:1385187 mv:57125 misc:4736 imb:564 pmb:11777 smb:2059 d:s ref:0 ;
in:172 out:172 type:B dur:2 cpbdur:2 q:25.69 aq:22.67 tex:105776 mv:32867 misc:11549 imb:16 pmb:4651 smb:9733 d:s ref:0 ;
in:171 out:173 type:b dur:2 cpbdur:2 q:25.70 aq:24.32 tex:56008 mv:22515 misc:10557 imb:22 pmb:3421 smb:10957 d:s ref:0 ;
in:173 out:174 type:b dur:2 cpbdur:2 q:25.69 aq:23.85 tex:22556 mv:13327 misc:8421 imb:11 pmb:2150 smb:12239 d:- ref:0 ;
in:178 out:175 type:P dur:2 cpbdur:2 q:25.69 aq:19.00 tex:1452731 mv:58199 misc:4238 imb:522 pmb:11977 smb:1901 d:s ref:0 ;
in:176 out:176 type:B dur:2 cpbdur:2 q:25.69 aq:22.40 tex:111099 mv:31041 misc:11772 imb:23 pmb:4869 smb:9508 d:s ref:0 ;
in:175 out:177 type:b dur:2 cpbdur:2 q:25.69 aq:24.18 tex:39912 mv:19414 misc:8602 imb:15 pmb:2293 smb:12092 d:s ref:0 ;
in:177 out:178 type:b dur:2 cpbdur:2 q:25.69 aq:24.44 tex:16935 mv:9224 misc:6057 imb:5 pmb:1356 smb:13039 d:- ref:0 ;
in:182 out:179 type:P dur:2 cpbdur:2 q:25.66 aq:18.78 tex:1483779 mv:60350 misc:4399 imb:808 pmb:11880 smb:1712 d:s ref:0 ;
in:180 out:180 type:B dur:2 cpbdur:2 q:25.67 aq:22.22 tex:125517 mv:31090 misc:12713 imb:34 pmb:5588 smb:8778 d:s ref:0 ;
in:179 out:181 type:b dur:2 cpbdur:2 q:25.68 aq:24.26 tex:52355 mv:19475 misc:9538 imb:14 pmb:2715 smb:11671 d:s ref:0 ;
in:181 out:182 type:b dur:2 cpbdur:2 q:25.66 aq:23.90 tex:18591 mv:9792 misc:7489 imb:3 pmb:1754 smb:12643 d:- ref:0 ;
in:186 out:183 type:P dur:2 cpbdur:2 q:25.79 aq:18.91 tex:1322739 mv:56374 misc:5047 imb:518 pmb:11845 smb:2037 d:s ref:0 ;
in:184 out:184 type:B dur:2 cpbdur:2 q:25.72 aq:22.46 tex:95162 mv:30478 misc:11768 imb:33 pmb:4430 smb:9937 d:s ref:0 ;
in:183 out:185 type:b dur:2 cpbdur:2 q:25.69 aq:23.87 tex:53915 mv:23344 misc:10965 imb:15 pmb:3512 smb:10873 d:s ref:0 ;
in:185 out:186 type:b dur:2 cpbdur:2 q:25.76 aq:23.93 tex:14912 mv:9898 misc:7046 imb:6 pmb:1579 smb:12815 d:- ref:0 ;
in:190 out:187 type:P dur:2 cpbdur:2 q:25.73 aq:18.91 tex:1414361 mv:57960 misc:4511 imb:582 pmb:11950 smb:1868 d:s ref:0 ;
in:188 out:188 type:B dur:2 cpbdur:2 q:25.76 aq:22.07 tex:149984 mv:38723 misc:12877 imb:37 pmb:6283 smb:8080 d:s ref:0 ;
in:187 out:189 type:b dur:2 cpbdur:2 q:25.78 aq:24.22 tex:37998 mv:19066 misc:9280 imb:9 pmb:2654 smb:11737 d:s ref:0 ;
in:189 out:190 type:b dur:2 cpbdur:2 q:25.75 aq:23.50 tex:16336 mv:9767 misc:7121 imb:7 pmb:1588 smb:12805 d:- ref:0 ;
in:194 out:191 type:P dur:2 cpbdur:2 q:25.70 aq:19.06 tex:1373762 mv:56966 misc:4384 imb:534 pmb:12158 smb:1708 d:s ref:0 ;
in:192 out:192 type:B dur:2 cpbdur:2 q:25.72 aq:22.17 tex:106102 mv:27060 misc:11990 imb:30 pmb:4790 smb:9580 d:s ref:0 ;
in:191 out:193 type:b dur:2 cpbdur:2 q:25.72 aq:24.05 tex:32354 mv:16066 misc:8116 imb:15 pmb:2082 smb:12303 d:s ref:0 ;
in:193 out:194 type:b dur:2 cpbdur:2 q:25.71 aq:24.02 tex:13505 mv:6456 misc:5255 imb:8 pmb:1053 smb:13339 d:- ref:0 ;
in:198 out:195 type:P dur:2 cpbdur:2 q:25.67 aq:19.11 tex:1280017 mv:57680 misc:5151 imb:569 pmb:11751 smb:2080 d:s ref:0 ;
in:196 out:196 type:B dur:2 cpbdur:2 q:25.69 aq:22.55 tex:123432 mv:36016 misc:12176 imb:16 pmb:5513 smb:8871 d:s ref:0 ;
in:195 out:197 type:b dur:2 cpbdur:2 q:25.69 aq:24.33 tex:48086 mv:20270 misc:9788 imb:5 pmb:2927 smb:11468 d:s ref:0 ;
in:197 out:198 type:b dur:2 cpbdur:2 q:25.68 aq:23.74 tex:26861 mv:15598 misc:9533 imb:6 pmb:2635 smb:11759 d:- ref:0 ;
in:202 out:199 type:P dur:2 cpbdur:2 q:25.62 aq:19.16 tex:1334971 mv:59399 misc:5014 imb:717 pmb:11900 smb:1783 d:s ref:0 ;
in:200 out:200 type:B dur:2 cpbdur:2 q:25.65 aq:22.38 tex:152650 mv:34311 misc:12575 imb:34 pmb:6134 smb:8232 d:s ref:0 ;
in:199 out:201 type:b dur:2 cpbdur:2 q:25.66 aq:24.35 tex:44543 mv:22135 misc:9946 imb:17 pmb:2893 smb:11490 d:s ref:0 ;
in:201 out:202 type:b dur:2 cpbdur:2 q:25.63 aq:24.39 tex:19444 mv:12571 misc:7561 imb:6 pmb:1835 smb:12559 d:- ref:0 ;
in:206 out:203 type:P dur:2 cpbdur:2 q:25.61 aq:19.52 tex:1135410 mv:55304 misc:6454 imb:534 pmb:11435 smb:2431 d:s ref:0 ;
in:204 out:204 type:B dur:2 cpbdur:2 q:25.62 aq:22.42 tex:106302 mv:33034 misc:11872 imb:23 pmb:4844 smb:9533 d:s ref:0 ;
in:203 out:205 type:b dur:2 cpbdur:2 q:25.62 aq:23.72 tex:53390 mv:19956 misc:10350 imb:23 pmb:3227 smb:11150 d:s ref:0 ;
in:205 out:206 type:b dur:2 cpbdur:2 q:25.61 aq:23.47 tex:26318 mv:12799 misc:8619 imb:14 pmb:2278 smb:12108 d:- ref:0 ;
in:210 out:207 type:P dur:2 cpbdur:2 q:25.56 aq:20.09 tex:978958 mv:54859 misc:6759 imb:519 pmb:11240 smb:2641 d:s ref:0 ;
in:208 out:208 type:B dur:2 cpbdur:2 q:25.58 aq:22.45 tex:124418 mv:34066 misc:12444 imb:24 pmb:5495 smb:8881 d:s ref:0 ;
in:207 out:209 type:b dur:2 cpbdur:2 q:25.60 aq:24.17 tex:38352 mv:19259 misc:9181 imb:3 pmb:2514 smb:11883 d:s ref:0 ;
in:209 out:210 type:b dur:2 cpbdur:2 q:25.57 aq:24.08 tex:16338 mv:9766 misc:7064 imb:5 pmb:1625 smb:12770 d:- ref:0 ;
in:214 out:211 type:P dur:2 cpbdur:2 q:25.47 aq:21.63 tex:720397 mv:49784 misc:8587 imb:425 pmb:9560 smb:4415 d:s ref:0 ;
in:212 out:212 type:B dur:2 cpbdur:2 q:25.51 aq:22.54 tex:179655 mv:38379 misc:12070 imb:23 pmb:6696 smb:7681 d:s ref:0 ;
in:211 out:213 type:b dur:2 cpbdur:2 q:25.54 aq:23.92 tex:59531 mv:24839 misc:11014 imb:14 pmb:3645 smb:10741 d:s ref:0 ;
in:213 out:214 type:b dur:2 cpbdur:2 q:25.49 aq:23.82 tex:35688 mv:16157 misc:10283 imb:8 pmb:3071 smb:11321 d:- ref:0 ;
in:216 out:215 type:P dur:2 cpbdur:2 q:25.37 aq:23.50 tex:487319 mv:46548 misc:9645 imb:629 pmb:9311 smb:4460 d:s ref:0 ;
in:215 out:216 type:b dur:2 cpbdur:2 q:25.42 aq:23.98 tex:87211 mv:28919 misc:12190 imb:24 pmb:4634 smb:9742 d:s ref:0 ;
in:217 out:217 type:I dur:2 cpbdur:2 q:22.71 aq:18.77 tex:4325695 mv:609152 misc:649 imb:14400 pmb:0 smb:0 d:s ref:;
in:218 out:218 type:P dur:2 cpbdur:2 q:26.18 aq:23.37 tex:397979 mv:32548 misc:11521 imb:159 pmb:7433 smb:6808 d:s ref:0 ;
in:219 out:219 type:P dur:2 cpbdur:2 q:26.18 aq:22.47 tex:1361592 mv:80999 misc:6697 imb:1332 pmb:11417 smb:1651 d:s ref:0 ;
in:221 out:220 type:P dur:2 cpbdur:2 q:26.24 aq:22.52 tex:1489697 mv:91769 misc:4830 imb:2893 pmb:10489 smb:1018 d:s ref:0 ;
in:220 out:221 type:b dur:2 cpbdur:2 q:26.21 aq:26.48 tex:89995 mv:21844 misc:9065 imb:22 pmb:2854 smb:11524 d:s ref:0 ;
in:222 out:222 type:P dur:2 cpbdur:2 q:26.32 aq:22.64 tex:1062197 mv:68221 misc:6198 imb:1402 pmb:11615 smb:1383 d:s ref:0 ;
in:223 out:223 type:P dur:2 cpbdur:2 q:26.35 aq:22.18 tex:1406399 mv:85216 misc:5233 imb:2032 pmb:11367 smb:1001 d:s ref:0 ;
in:226 out:224 type:P dur:2 cpbdur:2 q:26.38 aq:22.82 tex:1698046 mv:101400 misc:3514 imb:3206 pmb:10723 smb:471 d:s ref:0 ;
in:224 out:225 type:B dur:2 cpbdur:2 q:26.36 aq:25.07 tex:274736 mv:44274 misc:12670 imb:60 pmb:6609 smb:7731 d:s ref:0 ;
in:225 out:226 type:b dur:2 cpbdur:2 q:26.37 aq:26.06 tex:69121 mv:20607 misc:8984 imb:17 pmb:2724 smb:11659 d:- ref:0 ;
in:227 out:227 type:P dur:2 cpbdur:2 q:26.43 aq:22.34 tex:1512711 mv:87382 misc:4715 imb:1929 pmb:11644 smb:827 d:s ref:0 ;
in:229 out:228 type:P dur:2 cpbdur:2 q:26.47 aq:22.60 tex:1481977 mv:90289 misc:4334 imb:2543 pmb:11164 smb:693 d:s ref:0 ;
in:228 out:229 type:b dur:2 cpbdur:2 q:26.45 aq:26.13 tex:66409 mv:22189 misc:9114 imb:34 pmb:2889 smb:11477 d:s ref:0 ;
in:230 out:230 type:P dur:2 cpbdur:2 q:26.47 aq:22.74 tex:865755 mv:55952 misc:8717 imb:815 pmb:10820 smb:2765 d:s ref:0 ;
in:231 out:231 type:P dur:2 cpbdur:2 q:26.46 aq:22.22 tex:1433336 mv:88813 misc:4507 imb:2229 pmb:11423 smb:748 d:s ref:0 ;
in:234 out:232 type:P dur:2 cpbdur:2 q:26.53 aq:22.54 tex:1825702 mv:105907 misc:2727 imb:3409 pmb:10707 smb:284 d:s ref:0 ;
in:232 out:233 type:B dur:2 cpbdur:2 q:26.48 aq:25.04 tex:279149 mv:47534 misc:12629 imb:117 pmb:6901 smb:7382 d:s ref:0 ;
in:233 out:234 type:b dur:2 cpbdur:2 q:26.50 aq:26.54 tex:69789 mv:22811 misc:9400 imb:31 pmb:2905 smb:11464 d:- ref:0 ;
in:237 out:235 type:P dur:2 cpbdur:2 q:26.79 aq:22.64 tex:1854013 mv:110944 misc:2827 imb:3599 pmb:10519 smb:282 d:s ref:0 ;
in:235 out:236 type:B dur:2 cpbdur:2 q:26.61 aq:25.24 tex:452516 mv:74546 misc:11938 imb:182 pmb:8841 smb:5377 d:s ref:0 ;
in:236 out:237 type:b dur:2 cpbdur:2 q:26.70 aq:26.42 tex:61610 mv:24854 misc:10120 imb:27 pmb:3344 smb:11029 d:- ref:0 ;
in:241 out:238 type:P dur:2 cpbdur:2 q:27.08 aq:22.90 tex:2015988 mv:118137 misc:2419 imb:4468 pmb:9726 smb:206 d:s ref:0 ;
in:239 out:239 type:B dur:2 cpbdur:2 q:26.93 aq:25.00 tex:486412 mv:85784 misc:11676 imb:188 pmb:9459 smb:4753 d:s ref:0 ;
in:238 out:240 type:b dur:2 cpbdur:2 q:26.86 aq:26.71 tex:132830 mv:41747 misc:12647 imb:65 pmb:5279 smb:9056 d:s ref:0 ;
in:240 out:241 type:b dur:2 cpbdur:2 q:27.00 aq:26.93 tex:132846 mv:34305 misc:12345 imb:45 pmb:5103 smb:9252 d:- ref:0 ;
in:245 out:242 type:P dur:2 cpbdur:2 q:27.43 aq:23.31 tex:1913706 mv:117022 misc:2584 imb:4564 pmb:9574 smb:262 d:s ref:0 ;
in:243 out:243 type:B dur:2 cpbdur:2 q:27.26 aq:25.30 tex:508254 mv:90402 misc:11456 imb:247 pmb:9698 smb:4455 d:s ref:0 ;
in:242 out:244 type:b dur:2 cpbdur:2 q:27.17 aq:26.66 tex:208107 mv:52694 misc:13151 imb:124 pmb:7025 smb:7251 d:s ref:0 ;
in:244 out:245 type:b dur:2 cpbdur:2 q:27.35 aq:27.27 tex:40049 mv:20379 misc:8420 imb:24 pmb:2295 smb:12081 d:- ref:0 ;
in:249 out:246 type:P dur:2 cpbdur:2 q:27.86 aq:23.51 tex:1764280 mv:115959 misc:2777 imb:4555 pmb:9569 smb:276 d:s ref:0 ;
in:247 out:247 type:B dur:2 cpbdur:2 q:27.65 aq:25.61 tex:418119 mv:81246 misc:11883 imb:181 pmb:8892 smb:5327 d:s ref:0 ;
in:246 out:248 type:b dur:2 cpbdur:2 q:27.54 aq:27.60 tex:106183 mv:36681 misc:11672 imb:46 pmb:4387 smb:9967 d:s ref:0 ;
in:248 out:249 type:b dur:2 cpbdur:2 q:27.75 aq:27.13 tex:108698 mv:33830 misc:12600 imb:75 pmb:5029 smb:9296 d:- ref:0 ;
in:253 out:250 type:P dur:2 cpbdur:2 q:28.22 aq:24.03 tex:1756239 mv:113366 misc:3419 imb:4289 pmb:9614 smb:497 d:s ref:0 ;
in:251 out:251 type:B dur:2 cpbdur:2 q:28.04 aq:26.00 tex:447213 mv:89127 misc:11428 imb:344 pmb:9426 smb:4630 d:s ref:0 ;
in:250 out:252 type:b dur:2 cpbdur:2 q:27.95 aq:27.90 tex:152584 mv:39578 misc:11382 imb:45 pmb:5017 smb:9338 d:s ref:0 ;
in:252 out:253 type:b dur:2 cpbdur:2 q:28.13 aq:28.42 tex:31605 mv:18202 misc:7753 imb:10 pmb:1980 smb:12410 d:- ref:0 ;
in:257 out:254 type:P dur:2 cpbdur:2 q:28.41 aq:23.98 tex:1688440 mv:113324 misc:3860 imb:4700 pmb:9135 smb:565 d:s ref:0 ;
in:255 out:255 type:B dur:2 cpbdur:2 q:28.32 aq:26.25 tex:362450 mv:77825 misc:11773 imb:190 pmb:8457 smb:5753 d:s ref:0 ;
in:254 out:256 type:b dur:2 cpbdur:2 q:28.27 aq:28.87 tex:73186 mv:31036 misc:9946 imb:32 pmb:3341 smb:11027 d:s ref:0 ;
in:256 out:257 type:b dur:2 cpbdur:2 q:28.37 aq:27.87 tex:120252 mv:34476 misc:12744 imb:91 pmb:5258 smb:9051 d:- ref:0 ;
in:261 out:258 type:P dur:2 cpbdur:2 q:28.57 aq:24.04 tex:1602127 mv:111114 misc:3839 imb:4404 pmb:9399 smb:597 d:s ref:0 ;
in:259 out:259 type:B dur:2 cpbdur:2 q:28.49 aq:26.29 tex:505644 mv:92158 misc:10750 imb:355 pmb:9998 smb:4047 d:s ref:0 ;
in:258 out:260 type:b dur:2 cpbdur:2 q:28.45 aq:28.57 tex:102491 mv:34440 misc:10717 imb:44 pmb:3893 smb:10463 d:s ref:0 ;
in:260 out:261 type:b dur:2 cpbdur:2 q:28.53 aq:29.13 tex:26242 mv:16710 misc:6944 imb:25 pmb:1668 smb:12707 d:- ref:0 ;
in:265 out:262 type:P dur:2 cpbdur:2 q:28.69 aq:24.16 tex:1583696 mv:112566 misc:3682 imb:4554 pmb:9315 smb:531 d:s ref:0 ;
in:263 out:263 type:B dur:2 cpbdur:2 q:28.63 aq:26.89 tex:323674 mv:70164 misc:11130 imb:151 pmb:7322 smb:6927 d:s ref:0 ;
in:262 out:264 type:b dur:2 cpbdur:2 q:28.60 aq:28.32 tex:76125 mv:31544 misc:10851 imb:48 pmb:3723 smb:10629 d:s ref:0 ;
in:264 out:265 type:b dur:2 cpbdur:2 q:28.66 aq:28.62 tex:57164 mv:24934 misc:10294 imb:35 pmb:3214 smb:11151 d:- ref:0 ;
in:269 out:266 type:P dur:2 cpbdur:2 q:28.82 aq:24.56 tex:1588276 mv:109138 misc:4962 imb:3956 pmb:9462 smb:982 d:s ref:0 ;
in:267 out:267 type:B dur:2 cpbdur:2 q:28.75 aq:26.85 tex:280503 mv:66868 misc:12021 imb:146 pmb:6943 smb:7311 d:s ref:0 ;
in:266 out:268 type:b dur:2 cpbdur:2 q:28.72 aq:28.34 tex:173613 mv:45070 misc:12381 imb:113 pmb:6104 smb:8183 d:s ref:0 ;
in:268 out:269 type:b dur:2 cpbdur:2 q:28.79 aq:29.14 tex:25417 mv:16747 misc:7148 imb:10 pmb:1732 smb:12658 d:- ref:0 ;
in:273 out:270 type:P dur:2 cpbdur:2 q:28.93 aq:24.31 tex:1552309 mv:111496 misc:3787 imb:4758 pmb:9075 smb:567 d:s ref:0 ;
in:271 out:271 type:B dur:2 cpbdur:2 q:28.87 aq:26.65 tex:314070 mv:71268 misc:11830 imb:159 pmb:7903 smb:6338 d:s ref:0 ;
in:270 out:272 type:b dur:2 cpbdur:2 q:28.85 aq:29.06 tex:65207 mv:30600 misc:10049 imb:60 pmb:3274 smb:11066 d:s ref:0 ;
in:272 out:273 type:b dur:2 cpbdur:2 q:28.90 aq:28.21 tex:97311 mv:29058 misc:11807 imb:98 pmb:4394 smb:9908 d:- ref:0 ;
in:277 out:274 type:P dur:2 cpbdur:2 q:29.07 aq:24.46 tex:1443102 mv:107571 misc:5071 imb:4159 pmb:9264 smb:977 d:s ref:0 ;
in:275 out:275 type:B dur:2 cpbdur:2 q:29.00 aq:26.83 tex:440970 mv:81103 misc:11503 imb:236 pmb:8962 smb:5202 d:s ref:0 ;
in:274 out:276 type:b dur:2 cpbdur:2 q:28.96 aq:29.48 tex:86993 mv:31185 misc:9558 imb:27 pmb:3412 smb:10961 d:s ref:0 ;
in:276 out:277 type:b dur:2 cpbdur:2 q:29.04 aq:29.44 tex:27584 mv:14832 misc:6120 imb:16 pmb:1470 smb:12914 d:- ref:0 ;
in:281 out:278 type:P dur:2 cpbdur:2 q:29.15 aq:24.51 tex:1457714 mv:109442 misc:4188 imb:4740 pmb:8971 smb:689 d:s ref:0 ;
in:279 out:279 type:B dur:2 cpbdur:2 q:29.11 aq:27.00 tex:296014 mv:63663 misc:11315 imb:122 pmb:6786 smb:7492 d:s ref:0 ;
in:278 out:280 type:b dur:2 cpbdur:2 q:29.09 aq:28.62 tex:75416 mv:31208 misc:10520 imb:37 pmb:3625 smb:10738 d:s ref:0 ;
in:280 out:281 type:b dur:2 cpbdur:2 q:29.13 aq:29.27 tex:56470 mv:20884 misc:8646 imb:24 pmb:2613 smb:11763 d:- ref:0 ;
in:285 out:282 type:P dur:2 cpbdur:2 q:29.23 aq:24.95 tex:1417403 mv:102788 misc:5929 imb:3934 pmb:9001 smb:1465 d:s ref:0 ;
in:283 out:283 type:B dur:2 cpbdur:2 q:29.19 aq:27.02 tex:250748 mv:63279 misc:12037 imb:155 pmb:6617 smb:7628 d:s ref:0 ;
in:282 out:284 type:b dur:2 cpbdur:2 q:29.17 aq:28.57 tex:160006 mv:41425 misc:11737 imb:117 pmb:5462 smb:8821 d:s ref:0 ;
in:284 out:285 type:b dur:2 cpbdur:2 q:29.21 aq:29.49 tex:30769 mv:16335 misc:6840 imb:19 pmb:1696 smb:12685 d:- ref:0 ;
in:289 out:286 type:P dur:2 cpbdur:2 q:29.31 aq:24.80 tex:1558648 mv:111287 misc:2801 imb:5319 pmb:8782 smb:299 d:s ref:0 ;
in:287 out:287 type:B dur:2 cpbdur:2 q:29.27 aq:27.11 tex:339792 mv:72300 misc:12036 imb:279 pmb:7829 smb:6292 d:s ref:0 ;
in:286 out:288 type:b dur:2 cpbdur:2 q:29.25 aq:28.51 tex:63121 mv:29809 misc:9990 imb:58 pmb:3158 smb:11184 d:s ref:0 ;
in:288 out:289 type:b dur:2 cpbdur:2 q:29.29 aq:28.60 tex:102990 mv:29741 misc:12229 imb:51 pmb:4724 smb:9625 d:- ref:0 ;
in:293 out:290 type:P dur:2 cpbdur:2 q:29.43 aq:24.70 tex:1354284 mv:106073 misc:4931 imb:4634 pmb:8854 smb:912 d:s ref:0 ;
in:291 out:291 type:B dur:2 cpbdur:2 q:29.37 aq:26.90 tex:393707 mv:80169 misc:11668 imb:300 pmb:9015 smb:5085 d:s ref:0 ;
in:290 out:292 type:b dur:2 cpbdur:2 q:29.34 aq:28.83 tex:82717 mv:30004 misc:9839 imb:28 pmb:3440 smb:10932 d:s ref:0 ;
in:292 out:293 type:b dur:2 cpbdur:2 q:29.40 aq:29.11 tex:24260 mv:13357 misc:5911 imb:17 pmb:1381 smb:13002 d:- ref:0 ;
in:297 out:294 type:P dur:2 cpbdur:2 q:29.49 aq:24.57 tex:1338373 mv:106612 misc:4927 imb:4654 pmb:8824 smb:922 d:s ref:0 ;
in:295 out:295 type:B dur:2 cpbdur:2 q:29.46 aq:27.11 tex:259154 mv:63712 misc:11606 imb:134 pmb:6913 smb:7353 d:s ref:0 ;
in:294 out:296 type:b dur:2 cpbdur:2 q:29.44 aq:28.65 tex:68140 mv:30305 misc:10627 imb:85 pmb:3474 smb:10841 d:s ref:0 ;
in:296 out:297 type:b dur:2 cpbdur:2 q:29.47 aq:28.84 tex:44460 mv:18688 misc:8300 imb:37 pmb:2277 smb:12086 d:- ref:0 ;
in:301 out:298 type:P dur:2 cpbdur:2 q:29.55 aq:24.78 tex:1416738 mv:105202 misc:5204 imb:4522 pmb:8820 smb:1058 d:s ref:0 ;
in:299 out:299 type:B dur:2 cpbdur:2 q:29.52 aq:27.35 tex:210817 mv:55943 misc:11736 imb:114 pmb:5888 smb:8398 d:s ref:0 ;
in:298 out:300 type:b dur:2 cpbdur:2 q:29.50 aq:28.76 tex:122191 mv:34549 misc:11316 imb:95 pmb:4705 smb:9600 d:s ref:0 ;
in:300 out:301 type:b dur:2 cpbdur:2 q:29.54 aq:29.08 tex:22016 mv:13301 misc:5995 imb:15 pmb:1373 smb:13012 d:- ref:0 ;
in:303 out:302 type:P dur:2 cpbdur:2 q:29.65 aq:25.10 tex:759890 mv:62650 misc:9308 imb:1633 pmb:8770 smb:3997 d:s ref:0 ;
in:302 out:303 type:b dur:2 cpbdur:2 q:29.60 aq:28.12 tex:20399 mv:11940 misc:5269 imb:26 pmb:1198 smb:13176 d:t ref:0 ;
in:306 out:304 type:P dur:2 cpbdur:2 q:29.59 aq:24.61 tex:1236389 mv:102929 misc:4562 imb:4814 pmb:8790 smb:796 d:s ref:0 ;
in:304 out:305 type:B dur:2 cpbdur:2 q:29.63 aq:27.74 tex:271077 mv:61581 misc:11494 imb:220 pmb:6804 smb:7376 d:s ref:0 ;
in:305 out:306 type:b dur:2 cpbdur:2 q:29.61 aq:28.87 tex:24360 mv:13288 misc:6168 imb:22 pmb:1422 smb:12956 d:- ref:0 ;
in:310 out:307 type:P dur:2 cpbdur:2 q:29.70 aq:24.72 tex:1266901 mv:102580 misc:5607 imb:4351 pmb:8841 smb:1208 d:s ref:0 ;
in:308 out:308 type:B dur:2 cpbdur:2 q:29.64 aq:27.24 tex:229133 mv:56042 misc:11057 imb:107 pmb:6124 smb:8169 d:s ref:0 ;
in:307 out:309 type:b dur:2 cpbdur:2 q:29.62 aq:29.20 tex:55202 mv:25876 misc:9210 imb:42 pmb:2818 smb:11540 d:s ref:0 ;
in:309 out:310 type:b dur:2 cpbdur:2 q:29.67 aq:29.00 tex:43296 mv:16960 misc:8200 imb:34 pmb:2278 smb:12088 d:- ref:0 ;
in:314 out:311 type:P dur:2 cpbdur:2 q:29.72 aq:24.99 tex:1346802 mv:104740 misc:5066 imb:4559 pmb:8851 smb:990 d:s ref:0 ;
in:312 out:312 type:B dur:2 cpbdur:2 q:29.71 aq:27.32 tex:211181 mv:55754 misc:12073 imb:120 pmb:5981 smb:8299 d:s ref:0 ;
in:311 out:313 type:b dur:2 cpbdur:2 q:29.70 aq:28.75 tex:110454 mv:32808 misc:11234 imb:97 pmb:4402 smb:9901 d:s ref:0 ;
in:313 out:314 type:b dur:2 cpbdur:2 q:29.72 aq:28.75 tex:21943 mv:12168 misc:6049 imb:19 pmb:1359 smb:13022 d:- ref:0 ;
in:318 out:315 type:P dur:2 cpbdur:2 q:29.76 aq:24.71 tex:1303730 mv:106830 misc:4328 imb:5065 pmb:8607 smb:728 d:s ref:0 ;
in:316 out:316 type:B dur:2 cpbdur:2 q:29.74 aq:27.02 tex:227650 mv:61631 misc:12239 imb:177 pmb:7017 smb:7206 d:s ref:0 ;
in:315 out:317 type:b dur:2 cpbdur:2 q:29.73 aq:29.20 tex:46769 mv:23253 misc:8650 imb:32 pmb:2535 smb:11833 d:s ref:0 ;
in:317 out:318 type:b dur:2 cpbdur:2 q:29.75 aq:28.59 tex:61456 mv:23152 misc:10872 imb:90 pmb:3437 smb:10873 d:- ref:0 ;
in:322 out:319 type:P dur:2 cpbdur:2 q:29.81 aq:24.81 tex:1238872 mv:100520 misc:6008 imb:4139 pmb:8847 smb:1414 d:s ref:0 ;
in:320 out:320 type:B dur:2 cpbdur:2 q:29.79 aq:27.20 tex:316293 mv:66423 misc:11660 imb:195 pmb:7537 smb:6668 d:s ref:0 ;
in:319 out:321 type:b dur:2 cpbdur:2 q:29.77 aq:29.14 tex:62600 mv:26042 misc:8918 imb:26 pmb:2920 smb:11454 d:s ref:0 ;
in:321 out:322 type:b dur:2 cpbdur:2 q:29.80 aq:29.01 tex:19619 mv:11705 misc:5516 imb:15 pmb:1204 smb:13181 d:- ref:0 ;
in:326 out:323 type:P dur:2 cpbdur:2 q:29.87 aq:24.85 tex:1255434 mv:103249 misc:5229 imb:4709 pmb:8643 smb:1048 d:s ref:0 ;
in:324 out:324 type:B dur:2 cpbdur:2 q:29.84 aq:27.48 tex:215464 mv:55380 misc:11300 imb:134 pmb:6172 smb:8094 d:s ref:0 ;
in:323 out:325 type:b dur:2 cpbdur:2 q:29.83 aq:29.01 tex:49782 mv:24669 misc:9341 imb:50 pmb:2762 smb:11588 d:s ref:0 ;
in:325 out:326 type:b dur:2 cpbdur:2 q:29.85 aq:28.91 tex:37964 mv:14995 misc:7705 imb:24 pmb:2048 smb:12328 d:- ref:0 ;
in:330 out:327 type:P dur:2 cpbdur:2 q:29.88 aq:25.03 tex:1366070 mv:104519 misc:5059 imb:4619 pmb:8791 smb:990 d:s ref:0 ;
in:328 out:328 type:B dur:2 cpbdur:2 q:29.88 aq:27.60 tex:195964 mv:51655 misc:11117 imb:110 pmb:5406 smb:8884 d:s ref:0 ;
in:327 out:329 type:b dur:2 cpbdur:2 q:29.87 aq:29.12 tex:102348 mv:30857 misc:10947 imb:77 pmb:4268 smb:10055 d:s ref:0 ;
in:329 out:330 type:b dur:2 cpbdur:2 q:29.88 aq:29.21 tex:20370 mv:12794 misc:6036 imb:20 pmb:1349 smb:13031 d:- ref:0 ;
in:334 out:331 type:P dur:2 cpbdur:2 q:29.91 aq:25.01 tex:1251159 mv:100231 misc:5858 imb:4531 pmb:8573 smb:1296 d:s ref:0 ;
in:332 out:332 type:B dur:2 cpbdur:2 q:29.90 aq:27.30 tex:198637 mv:55322 misc:11569 imb:137 pmb:6113 smb:8150 d:s ref:0 ;
in:331 out:333 type:b dur:2 cpbdur:2 q:29.89 aq:29.41 tex:38665 mv:20703 misc:7672 imb:29 pmb:2181 smb:12190 d:s ref:0 ;
in:333 out:334 type:b dur:2 cpbdur:2 q:29.91 aq:28.61 tex:58938 mv:21991 misc:10047 imb:83 pmb:3104 smb:11213 d:- ref:0 ;
in:338 out:335 type:P dur:2 cpbdur:2 q:29.94 aq:24.95 tex:1276353 mv:101404 misc:5499 imb:4535 pmb:8680 smb:1185 d:s ref:0 ;
in:336 out:336 type:B dur:2 cpbdur:2 q:29.93 aq:27.38 tex:332682 mv:67969 misc:11805 imb:237 pmb:7812 smb:6351 d:s ref:0 ;
in:335 out:337 type:b dur:2 cpbdur:2 q:29.92 aq:30.18 tex:59191 mv:24940 misc:7981 imb:34 pmb:2586 smb:11780 d:s ref:0 ;
in:337 out:338 type:b dur:2 cpbdur:2 q:29.93 aq:30.29 tex:18593 mv:11496 misc:4943 imb:11 pmb:1121 smb:13268 d:- ref:0 ;
in:342 out:339 type:P dur:2 cpbdur:2 q:29.95 aq:24.84 tex:1287783 mv:102614 misc:5131 imb:4685 pmb:8667 smb:1048 d:s ref:0 ;
in:340 out:340 type:B dur:2 cpbdur:2 q:29.94 aq:27.62 tex:216965 mv:54161 misc:11026 imb:134 pmb:5933 smb:8333 d:s ref:0 ;
in:339 out:341 type:b dur:2 cpbdur:2 q:29.94 aq:29.28 tex:49212 mv:23968 misc:9180 imb:48 pmb:2737 smb:11615 d:s ref:0 ;
in:341 out:342 type:b dur:2 cpbdur:2 q:29.95 aq:29.85 tex:35934 mv:13891 misc:6711 imb:15 pmb:1820 smb:12565 d:- ref:0 ;
in:346 out:343 type:P dur:2 cpbdur:2 q:29.96 aq:25.21 tex:1318923 mv:98512 misc:6357 imb:4127 pmb:8693 smb:1580 d:s ref:0 ;
in:344 out:344 type:B dur:2 cpbdur:2 q:29.96 aq:27.93 tex:184910 mv:49790 misc:11044 imb:132 pmb:5253 smb:9015 d:s ref:0 ;
in:343 out:345 type:b dur:2 cpbdur:2 q:29.95 aq:29.05 tex:103806 mv:29580 misc:10582 imb:58 pmb:4203 smb:10139 d:s ref:0 ;
in:345 out:346 type:b dur:2 cpbdur:2 q:29.96 aq:28.81 tex:20513 mv:11361 misc:5654 imb:21 pmb:1230 smb:13149 d:- ref:0 ;
in:350 out:347 type:P dur:2 cpbdur:2 q:29.98 aq:25.04 tex:1316637 mv:102451 misc:5064 imb:4865 pmb:8513 smb:1022 d:s ref:0 ;
in:348 out:348 type:B dur:2 cpbdur:2 q:29.97 aq:27.54 tex:203760 mv:56233 misc:11703 imb:150 pmb:6392 smb:7858 d:s ref:0 ;
in:347 out:349 type:b dur:2 cpbdur:2 q:29.97 aq:29.75 tex:40393 mv:22143 misc:7928 imb:43 pmb:2256 smb:12101 d:s ref:0 ;
in:349 out:350 type:b dur:2 cpbdur:2 q:29.97 aq:29.06 tex:59408 mv:21023 misc:9857 imb:68 pmb:3107 smb:11225 d:- ref:0 ;
in:354 out:351 type:P dur:2 cpbdur:2 q:30.02 aq:25.07 tex:1309567 mv:103125 misc:5396 imb:4574 pmb:8714 smb:1112 d:s ref:0 ;
in:352 out:352 type:B dur:2 cpbdur:2 q:30.00 aq:27.42 tex:322330 mv:69919 misc:11583 imb:250 pmb:7730 smb:6420 d:s ref:0 ;
in:351 out:353 type:b dur:2 cpbdur:2 q:29.99 aq:29.31 tex:60537 mv:24501 misc:8946 imb:34 pmb:2826 smb:11540 d:s ref:0 ;
in:353 out:354 type:b dur:2 cpbdur:2 q:30.01 aq:29.65 tex:21670 mv:11442 misc:5376 imb:20 pmb:1209 smb:13171 d:- ref:0 ;
in:358 out:355 type:P dur:2 cpbdur:2 q:30.04 aq:25.24 tex:1276713 mv:97191 misc:6496 imb:4124 pmb:8598 smb:1678 d:s ref:0 ;
in:356 out:356 type:B dur:2 cpbdur:2 q:30.03 aq:27.65 tex:211301 mv:54601 misc:11202 imb:144 pmb:6055 smb:8201 d:s ref:0 ;
in:355 out:357 type:b dur:2 cpbdur:2 q:30.02 aq:29.17 tex:45538 mv:23011 misc:9051 imb:33 pmb:2618 smb:11749 d:s ref:0 ;
in:357 out:358 type:b dur:2 cpbdur:2 q:30.03 aq:29.21 tex:38763 mv:15730 misc:7915 imb:35 pmb:2126 smb:12239 d:- ref:0 ;
in:362 out:359 type:P dur:2 cpbdur:2 q:30.04 aq:25.24 tex:1334996 mv:102117 misc:4895 imb:4634 pmb:8768 smb:998 d:s ref:0 ;
in:360 out:360 type:B dur:2 cpbdur:2 q:30.04 aq:27.71 tex:263199 mv:65306 misc:12255 imb:226 pmb:7602 smb:6572 d:s ref:0 ;
in:359 out:361 type:b dur:2 cpbdur:2 q:30.04 aq:29.39 tex:101680 mv:32294 misc:10962 imb:100 pmb:4262 smb:10038 d:s ref:0 ;
in:361 out:362 type:b dur:2 cpbdur:2 q:30.04 aq:28.40 tex:23853 mv:11746 misc:6145 imb:23 pmb:1370 smb:13007 d:- ref:0 ;
in:366 out:363 type:P dur:2 cpbdur:2 q:30.06 aq:25.19 tex:1303119 mv:102630 misc:5339 imb:4550 pmb:8722 smb:1128 d:s ref:0 ;
in:364 out:364 type:B dur:2 cpbdur:2 q:30.05 aq:27.69 tex:217592 mv:58314 misc:11766 imb:168 pmb:6426 smb:7806 d:s ref:0 ;
in:363 out:365 type:b dur:2 cpbdur:2 q:30.04 aq:29.53 tex:47581 mv:23805 misc:8942 imb:58 pmb:2567 smb:11775 d:s ref:0 ;
in:365 out:366 type:b dur:2 cpbdur:2 q:30.05 aq:29.37 tex:49492 mv:18311 misc:8901 imb:45 pmb:2553 smb:11802 d:- ref:0 ;
in:370 out:367 type:P dur:2 cpbdur:2 q:30.09 aq:25.46 tex:1275005 mv:97847 misc:6348 imb:3935 pmb:8842 smb:1623 d:s ref:0 ;
in:368 out:368 type:B dur:2 cpbdur:2 q:30.07 aq:27.85 tex:246967 mv:59617 misc:11208 imb:157 pmb:6530 smb:7713 d:s ref:0 ;
in:367 out:369 type:b dur:2 cpbdur:2 q:30.06 aq:29.31 tex:77504 mv:28253 misc:10275 imb:57 pmb:3535 smb:10808 d:s ref:0 ;
in:369 out:370 type:b dur:2 cpbdur:2 q:30.08 aq:29.55 tex:21125 mv:11467 misc:5704 imb:21 pmb:1269 smb:13110 d:- ref:0 ;
in:374 out:371 type:P dur:2 cpbdur:2 q:30.10 aq:25.37 tex:1252159 mv:101015 misc:5658 imb:4549 pmb:8621 smb:1230 d:s ref:0 ;
in:372 out:372 type:B dur:2 cpbdur:2 q:30.09 aq:27.97 tex:212814 mv:57999 misc:11443 imb:146 pmb:6459 smb:7795 d:s ref:0 ;
in:371 out:373 type:b dur:2 cpbdur:2 q:30.09 aq:29.70 tex:44116 mv:22530 misc:8434 imb:45 pmb:2407 smb:11948 d:s ref:0 ;
in:373 out:374 type:b dur:2 cpbdur:2 q:30.09 aq:28.91 tex:48277 mv:19031 misc:9332 imb:57 pmb:2655 smb:11688 d:- ref:0 ;
in:378 out:375 type:P dur:2 cpbdur:2 q:30.13 aq:25.46 tex:1329319 mv:100634 misc:5783 imb:4467 pmb:8667 smb:1266 d:s ref:0 ;
in:376 out:376 type:B dur:2 cpbdur:2 q:30.11 aq:27.64 tex:261681 mv:64321 misc:12142 imb:249 pmb:7241 smb:6910 d:s ref:0 ;
in:375 out:377 type:b dur:2 cpbdur:2 q:30.10 aq:30.15 tex:73321 mv:26017 misc:9542 imb:36 pmb:3227 smb:11137 d:s ref:0 ;
in:377 out:378 type:b dur:2 cpbdur:2 q:30.12 aq:28.81 tex:25768 mv:12530 misc:6278 imb:30 pmb:1439 smb:12931 d:- ref:0 ;
in:382 out:379 type:P dur:2 cpbdur:2 q:30.15 aq:25.62 tex:1225980 mv:99135 misc:6101 imb:4211 pmb:8763 smb:1426 d:s ref:0 ;
in:380 out:380 type:B dur:2 cpbdur:2 q:30.14 aq:28.04 tex:193585 mv:54438 misc:11817 imb:127 pmb:6135 smb:8138 d:s ref:0 ;
in:379 out:381 type:b dur:2 cpbdur:2 q:30.13 aq:29.60 tex:42385 mv:21901 misc:8818 imb:38 pmb:2458 smb:11904 d:s ref:0 ;
in:381 out:382 type:b dur:2 cpbdur:2 q:30.15 aq:29.95 tex:42950 mv:16872 misc:8602 imb:35 pmb:2343 smb:12022 d:- ref:0 ;
in:386 out:383 type:P dur:2 cpbdur:2 q:30.16 aq:25.80 tex:1257038 mv:100878 misc:5748 imb:4265 pmb:8817 smb:1318 d:s ref:0 ;
in:384 out:384 type:B dur:2 cpbdur:2 q:30.16 aq:28.13 tex:258324 mv:60477 misc:11495 imb:145 pmb:7093 smb:7162 d:s ref:0 ;
in:383 out:385 type:b dur:2 cpbdur:2 q:30.16 aq:29.92 tex:75289 mv:27957 misc:10162 imb:51 pmb:3497 smb:10852 d:s ref:0 ;
in:385 out:386 type:b dur:2 cpbdur:2 q:30.16 aq:28.89 tex:22798 mv:9924 misc:5358 imb:22 pmb:1221 smb:13157 d:- ref:0 ;
in:390 out:387 type:P dur:2 cpbdur:2 q:30.17 aq:25.75 tex:1217218 mv:102019 misc:5779 imb:4590 pmb:8510 smb:1300 d:s ref:0 ;
in:388 out:388 type:B dur:2 cpbdur:2 q:30.17 aq:27.98 tex:209787 mv:56547 misc:11770 imb:159 pmb:6472 smb:7769 d:s ref:0 ;
in:387 out:389 type:b dur:2 cpbdur:2 q:30.17 aq:29.38 tex:41107 mv:20631 misc:8534 imb:51 pmb:2262 smb:12087 d:s ref:0 ;
in:389 out:390 type:b dur:2 cpbdur:2 q:30.17 aq:29.18 tex:43271 mv:16723 misc:8894 imb:53 pmb:2387 smb:11960 d:- ref:0 ;
in:394 out:391 type:P dur:2 cpbdur:2 q:30.18 aq:26.17 tex:1121016 mv:96008 misc:7024 imb:3849 pmb:8616 smb:1935 d:s ref:0 ;
in:392 out:392 type:B dur:2 cpbdur:2 q:30.18 aq:27.94 tex:232993 mv:60798 misc:12249 imb:171 pmb:7034 smb:7195 d:s ref:0 ;
in:391 out:393 type:b dur:2 cpbdur:2 q:30.17 aq:29.97 tex:73699 mv:25414 misc:9927 imb:35 pmb:3366 smb:10999 d:s ref:0 ;
in:393 out:394 type:b dur:2 cpbdur:2 q:30.18 aq:29.00 tex:24438 mv:10976 misc:6154 imb:35 pmb:1383 smb:12982 d:- ref:0 ;
in:398 out:395 type:P dur:2 cpbdur:2 q:30.17 aq:26.83 tex:979817 mv:96089 misc:6830 imb:4388 pmb:8065 smb:1947 d:s ref:0 ;
in:396 out:396 type:B dur:2 cpbdur:2 q:30.18 aq:27.96 tex:208044 mv:57186 misc:12058 imb:155 pmb:6811 smb:7434 d:s ref:0 ;
in:395 out:397 type:b dur:2 cpbdur:2 q:30.18 aq:29.84 tex:44710 mv:22992 misc:9250 imb:51 pmb:2562 smb:11787 d:s ref:0 ;
in:397 out:398 type:b dur:2 cpbdur:2 q:30.18 aq:30.09 tex:47143 mv:16099 misc:9094 imb:37 pmb:2532 smb:11831 d:- ref:0 ;
in:401 out:399 type:P dur:2 cpbdur:2 q:30.16 aq:29.18 tex:488316 mv:72437 misc:9519 imb:2403 pmb:7607 smb:4390 d:s ref:0 ;
in:399 out:400 type:B dur:2 cpbdur:2 q:30.17 aq:29.80 tex:75241 mv:27634 misc:10325 imb:67 pmb:3394 smb:10939 d:t ref:0 ;
in:400 out:401 type:b dur:2 cpbdur:2 q:30.17 aq:30.29 tex:97779 mv:31037 misc:11704 imb:66 pmb:5076 smb:9258 d:- ref:0 ;
in:402 out:402 type:I dur:2 cpbdur:2 q:27.21 aq:21.83 tex:2985308 mv:497900 misc:552 imb:14400 pmb:0 smb:0 d:s ref:;
in:406 out:403 type:P dur:2 cpbdur:2 q:30.30 aq:25.03 tex:431793 mv:48265 misc:8790 imb:158 pmb:10326 smb:3916 d:s ref:0 ;
in:404 out:404 type:B dur:2 cpbdur:2 q:30.30 aq:27.15 tex:10797 mv:22635 misc:7832 imb:1 pmb:2315 smb:12084 d:s ref:0 ;
in:403 out:405 type:b dur:2 cpbdur:2 q:30.30 aq:28.67 tex:1369 mv:9752 misc:4663 imb:0 pmb:1100 smb:13300 d:s ref:0 ;
in:405 out:406 type:b dur:2 cpbdur:2 q:30.30 aq:28.40 tex:3089 mv:11521 misc:5686 imb:0 pmb:1342 smb:13058 d:- ref:0 ;
in:410 out:407 type:P dur:2 cpbdur:2 q:30.24 aq:25.05 tex:839180 mv:64268 misc:6216 imb:961 pmb:11180 smb:2259 d:s ref:0 ;
in:408 out:408 type:B dur:2 cpbdur:2 q:30.27 aq:27.84 tex:43800 mv:31190 misc:9674 imb:5 pmb:4061 smb:10334 d:s ref:0 ;
in:407 out:409 type:b dur:2 cpbdur:2 q:30.28 aq:30.42 tex:7725 mv:15007 misc:6196 imb:0 pmb:1559 smb:12841 d:s ref:0 ;
in:409 out:410 type:b dur:2 cpbdur:2 q:30.25 aq:29.90 tex:3557 mv:9911 misc:4740 imb:0 pmb:1065 smb:13335 d:- ref:0 ;
in:414 out:411 type:P dur:2 cpbdur:2 q:30.19 aq:25.02 tex:957995 mv:67665 misc:5204 imb:937 pmb:11757 smb:1706 d:s ref:0 ;
in:412 out:412 type:B dur:2 cpbdur:2 q:30.21 aq:27.86 tex:43505 mv:32359 misc:10312 imb:7 pmb:4221 smb:10172 d:s ref:0 ;
in:411 out:413 type:b dur:2 cpbdur:2 q:30.23 aq:30.17 tex:7594 mv:15037 misc:6105 imb:0 pmb:1530 smb:12870 d:s ref:0 ;
in:413 out:414 type:b dur:2 cpbdur:2 q:30.20 aq:29.12 tex:6296 mv:11237 misc:5651 imb:0 pmb:1331 smb:13069 d:- ref:0 ;
in:418 out:415 type:P dur:2 cpbdur:2 q:30.09 aq:24.93 tex:840124 mv:63386 misc:5490 imb:696 pmb:12171 smb:1533 d:s ref:0 ;
in:416 out:416 type:B dur:2 cpbdur:2 q:30.14 aq:27.88 tex:36143 mv:25629 misc:9924 imb:7 pmb:3977 smb:10416 d:s ref:0 ;
in:415 out:417 type:b dur:2 cpbdur:2 q:30.16 aq:28.74 tex:8613 mv:16038 misc:6917 imb:3 pmb:1915 smb:12482 d:s ref:0 ;
in:417 out:418 type:b dur:2 cpbdur:2 q:30.11 aq:29.11 tex:6268 mv:10417 misc:5659 imb:1 pmb:1381 smb:13018 d:- ref:0 ;
in:422 out:419 type:P dur:2 cpbdur:2 q:30.16 aq:25.06 tex:881097 mv:64581 misc:5186 imb:864 pmb:11684 smb:1852 d:s ref:0 ;
in:420 out:420 type:B dur:2 cpbdur:2 q:30.13 aq:27.56 tex:63877 mv:33630 misc:9917 imb:6 pmb:5009 smb:9385 d:s ref:0 ;
in:419 out:421 type:b dur:2 cpbdur:2 q:30.11 aq:29.25 tex:6657 mv:15926 misc:6537 imb:0 pmb:1628 smb:12772 d:s ref:0 ;
in:421 out:422 type:b dur:2 cpbdur:2 q:30.14 aq:30.08 tex:5865 mv:12447 misc:6216 imb:1 pmb:1527 smb:12872 d:- ref:0 ;
in:426 out:423 type:P dur:2 cpbdur:2 q:30.05 aq:25.01 tex:931697 mv:64484 misc:4971 imb:755 pmb:11892 smb:1753 d:s ref:0 ;
in:424 out:424 type:B dur:2 cpbdur:2 q:30.11 aq:27.32 tex:53756 mv:27058 misc:10442 imb:5 pmb:4439 smb:9956 d:s ref:0 ;
in:423 out:425 type:b dur:2 cpbdur:2 q:30.13 aq:29.84 tex:13360 mv:17658 misc:6862 imb:3 pmb:1935 smb:12462 d:s ref:0 ;
in:425 out:426 type:b dur:2 cpbdur:2 q:30.08 aq:29.74 tex:6800 mv:11266 misc:6094 imb:3 pmb:1473 smb:12924 d:- ref:0 ;
in:430 out:427 type:P dur:2 cpbdur:2 q:29.96 aq:25.38 tex:900590 mv:61238 misc:5116 imb:497 pmb:12000 smb:1903 d:s ref:0 ;
in:428 out:428 type:B dur:2 cpbdur:2 q:30.01 aq:27.38 tex:47628 mv:31018 misc:10818 imb:12 pmb:4677 smb:9711 d:s ref:0 ;
in:427 out:429 type:b dur:2 cpbdur:2 q:30.03 aq:29.15 tex:7548 mv:15747 misc:6081 imb:0 pmb:1541 smb:12859 d:s ref:0 ;
in:429 out:430 type:b dur:2 cpbdur:2 q:29.98 aq:30.00 tex:5597 mv:10535 misc:5572 imb:0 pmb:1416 smb:12984 d:- ref:0 ;
in:434 out:431 type:P dur:2 cpbdur:2 q:29.87 aq:25.14 tex:1230297 mv:69741 misc:3226 imb:1153 pmb:12521 smb:726 d:s ref:0 ;
in:432 out:432 type:B dur:2 cpbdur:2 q:29.91 aq:27.96 tex:102970 mv:27423 misc:10815 imb:13 pmb:5714 smb:8673 d:s ref:0 ;
in:431 out:433 type:b dur:2 cpbdur:2 q:29.94 aq:29.22 tex:13735 mv:17669 misc:7012 imb:2 pmb:1949 smb:12449 d:s ref:0 ;
in:433 out:434 type:b dur:2 cpbdur:2 q:29.89 aq:29.20 tex:3523 mv:9561 misc:5324 imb:0 pmb:1215 smb:13185 d:- ref:0 ;
in:438 out:435 type:P dur:2 cpbdur:2 q:29.82 aq:24.68 tex:1023617 mv:67139 misc:4340 imb:982 pmb:12228 smb:1190 d:s ref:0 ;
in:436 out:436 type:B dur:2 cpbdur:2 q:29.85 aq:27.44 tex:74751 mv:33102 misc:10419 imb:9 pmb:5269 smb:9122 d:s ref:0 ;
in:435 out:437 type:b dur:2 cpbdur:2 q:29.86 aq:29.26 tex:5806 mv:14424 misc:5794 imb:1 pmb:1415 smb:12984 d:s ref:0 ;
in:437 out:438 type:b dur:2 cpbdur:2 q:29.83 aq:28.36 tex:4944 mv:10374 misc:5010 imb:1 pmb:1232 smb:13167 d:- ref:0 ;
in:442 out:439 type:P dur:2 cpbdur:2 q:29.77 aq:24.58 tex:1067904 mv:66565 misc:5195 imb:858 pmb:11870 smb:1672 d:s ref:0 ;
in:440 out:440 type:B dur:2 cpbdur:2 q:29.80 aq:27.97 tex:51435 mv:33503 misc:9382 imb:11 pmb:4136 smb:10253 d:s ref:0 ;
in:439 out:441 type:b dur:2 cpbdur:2 q:29.81 aq:29.80 tex:16351 mv:19888 misc:7369 imb:2 pmb:2327 smb:12071 d:s ref:0 ;
in:441 out:442 type:b dur:2 cpbdur:2 q:29.78 aq:29.94 tex:5377 mv:11653 misc:5618 imb:1 pmb:1328 smb:13071 d:- ref:0 ;
in:446 out:443 type:P dur:2 cpbdur:2 q:29.70 aq:24.59 tex:882454 mv:63040 misc:5034 imb:670 pmb:12266 smb:1464 d:s ref:0 ;
in:444 out:444 type:B dur:2 cpbdur:2 q:29.74 aq:27.56 tex:50421 mv:34047 misc:11212 imb:14 pmb:4642 smb:9744 d:s ref:0 ;
in:443 out:445 type:b dur:2 cpbdur:2 q:29.75 aq:29.34 tex:6204 mv:15797 misc:6959 imb:0 pmb:1866 smb:12534 d:s ref:0 ;
in:445 out:446 type:b dur:2 cpbdur:2 q:29.72 aq:29.74 tex:7258 mv:12797 misc:6361 imb:1 pmb:1584 smb:12815 d:- ref:0 ;
in:450 out:447 type:P dur:2 cpbdur:2 q:29.66 aq:24.49 tex:1034530 mv:69302 misc:4720 imb:1021 pmb:12191 smb:1188 d:s ref:0 ;
in:448 out:448 type:B dur:2 cpbdur:2 q:29.68 aq:27.59 tex:80867 mv:37028 misc:10809 imb:10 pmb:5584 smb:8806 d:s ref:0 ;
in:447 out:449 type:b dur:2 cpbdur:2 q:29.69 aq:28.85 tex:17000 mv:19110 misc:7442 imb:0 pmb:2198 smb:12202 d:s ref:0 ;
in:449 out:450 type:b dur:2 cpbdur:2 q:29.67 aq:29.72 tex:10348 mv:14058 misc:6834 imb:0 pmb:1862 smb:12538 d:- ref:0 ;
in:454 out:451 type:P dur:2 cpbdur:2 q:29.59 aq:24.46 tex:948889 mv:64320 misc:5015 imb:689 pmb:12087 smb:1624 d:s ref:0 ;
in:452 out:452 type:B dur:2 cpbdur:2 q:29.62 aq:27.46 tex:72574 mv:35414 misc:9764 imb:12 pmb:5133 smb:9255 d:s ref:0 ;
in:451 out:453 type:b dur:2 cpbdur:2 q:29.64 aq:29.07 tex:8405 mv:16791 misc:6388 imb:2 pmb:1701 smb:12697 d:s ref:0 ;
in:453 out:454 type:b dur:2 cpbdur:2 q:29.61 aq:29.46 tex:8283 mv:12795 misc:6146 imb:1 pmb:1613 smb:12786 d:- ref:0 ;
in:458 out:455 type:P dur:2 cpbdur:2 q:29.52 aq:24.52 tex:971041 mv:64343 misc:5016 imb:648 pmb:12243 smb:1509 d:s ref:0 ;
in:456 out:456 type:B dur:2 cpbdur:2 q:29.55 aq:27.42 tex:61527 mv:29718 misc:10043 imb:10 pmb:4635 smb:9755 d:s ref:0 ;
in:455 out:457 type:b dur:2 cpbdur:2 q:29.57 aq:28.46 tex:18866 mv:19864 misc:7470 imb:1 pmb:2279 smb:12120 d:s ref:0 ;
in:457 out:458 type:b dur:2 cpbdur:2 q:29.54 aq:28.93 tex:8162 mv:13570 misc:6772 imb:0 pmb:1750 smb:12650 d:- ref:0 ;
in:462 out:459 type:P dur:2 cpbdur:2 q:29.47 aq:24.48 tex:1119012 mv:68620 misc:4232 imb:1009 pmb:12231 smb:1160 d:s ref:0 ;
in:460 out:460 type:B dur:2 cpbdur:2 q:29.49 aq:27.56 tex:53606 mv:33352 misc:10138 imb:10 pmb:4545 smb:9845 d:s ref:0 ;
in:459 out:461 type:b dur:2 cpbdur:2 q:29.51 aq:30.39 tex:14203 mv:18303 misc:7118 imb:4 pmb:2013 smb:12383 d:s ref:0 ;
in:461 out:462 type:b dur:2 cpbdur:2 q:29.48 aq:29.57 tex:8962 mv:13133 misc:6825 imb:1 pmb:1979 smb:12420 d:- ref:0 ;
in:466 out:463 type:P dur:2 cpbdur:2 q:29.40 aq:24.30 tex:1063892 mv:65580 misc:4960 imb:805 pmb:12062 smb:1533 d:s ref:0 ;
in:464 out:464 type:B dur:2 cpbdur:2 q:29.44 aq:27.60 tex:72277 mv:32562 misc:10185 imb:6 pmb:5039 smb:9355 d:s ref:0 ;
in:463 out:465 type:b dur:2 cpbdur:2 q:29.45 aq:28.96 tex:9448 mv:16127 misc:6913 imb:2 pmb:1822 smb:12576 d:s ref:0 ;
in:465 out:466 type:b dur:2 cpbdur:2 q:29.42 aq:29.93 tex:7724 mv:13751 misc:6973 imb:2 pmb:1759 smb:12639 d:- ref:0 ;
in:470 out:467 type:P dur:2 cpbdur:2 q:29.35 aq:24.35 tex:981814 mv:65121 misc:4593 imb:671 pmb:12413 smb:1316 d:s ref:0 ;
in:468 out:468 type:B dur:2 cpbdur:2 q:29.38 aq:27.40 tex:40915 mv:31016 misc:10845 imb:8 pmb:4402 smb:9990 d:s ref:0 ;
in:467 out:469 type:b dur:2 cpbdur:2 q:29.39 aq:29.31 tex:10453 mv:17669 misc:7678 imb:1 pmb:2213 smb:12186 d:s ref:0 ;
in:469 out:470 type:b dur:2 cpbdur:2 q:29.36 aq:28.91 tex:13457 mv:14770 misc:7101 imb:1 pmb:2129 smb:12270 d:- ref:0 ;
in:474 out:471 type:P dur:2 cpbdur:2 q:29.27 aq:24.16 tex:1171871 mv:71278 misc:3923 imb:1215 pmb:12223 smb:962 d:s ref:0 ;
in:472 out:472 type:B dur:2 cpbdur:2 q:29.31 aq:27.32 tex:89911 mv:38790 misc:10443 imb:8 pmb:5760 smb:8632 d:s ref:0 ;
in:471 out:473 type:b dur:2 cpbdur:2 q:29.33 aq:29.08 tex:21077 mv:20861 misc:7766 imb:2 pmb:2367 smb:12031 d:s ref:0 ;
in:473 out:474 type:b dur:2 cpbdur:2 q:29.29 aq:28.68 tex:9716 mv:13937 misc:6499 imb:1 pmb:1724 smb:12675 d:- ref:0 ;
in:478 out:475 type:P dur:2 cpbdur:2 q:29.20 aq:24.41 tex:965213 mv:62375 misc:5420 imb:535 pmb:12149 smb:1716 d:s ref:0 ;
in:476 out:476 type:B dur:2 cpbdur:2 q:29.24 aq:27.88 tex:42536 mv:31868 misc:9748 imb:8 pmb:4085 smb:10307 d:s ref:0 ;
in:475 out:477 type:b dur:2 cpbdur:2 q:29.26 aq:29.14 tex:16072 mv:19793 misc:7439 imb:2 pmb:2293 smb:12105 d:s ref:0 ;
in:477 out:478 type:b dur:2 cpbdur:2 q:29.22 aq:28.85 tex:11062 mv:14881 misc:7521 imb:1 pmb:2196 smb:12203 d:- ref:0 ;
in:482 out:479 type:P dur:2 cpbdur:2 q:29.14 aq:24.42 tex:1112622 mv:65344 misc:4770 imb:740 pmb:12248 smb:1412 d:s ref:0 ;
in:480 out:480 type:B dur:2 cpbdur:2 q:29.17 aq:27.11 tex:83620 mv:35423 misc:11341 imb:20 pmb:5755 smb:8625 d:s ref:0 ;
in:479 out:481 type:b dur:2 cpbdur:2 q:29.18 aq:29.88 tex:22143 mv:22224 misc:8401 imb:1 pmb:2715 smb:11684 d:s ref:0 ;
in:481 out:482 type:b dur:2 cpbdur:2 q:29.15 aq:28.52 tex:7525 mv:12657 misc:6330 imb:2 pmb:1689 smb:12709 d:- ref:0 ;
in:486 out:483 type:P dur:2 cpbdur:2 q:29.08 aq:24.12 tex:1118625 mv:70563 misc:4412 imb:1116 pmb:12121 smb:1163 d:s ref:0 ;
in:484 out:484 type:B dur:2 cpbdur:2 q:29.11 aq:26.66 tex:77754 mv:37512 misc:10742 imb:12 pmb:5479 smb:8909 d:s ref:0 ;
in:483 out:485 type:b dur:2 cpbdur:2 q:29.12 aq:28.44 tex:10608 mv:19145 misc:7503 imb:2 pmb:2060 smb:12338 d:s ref:0 ;
in:485 out:486 type:b dur:2 cpbdur:2 q:29.09 aq:28.76 tex:13577 mv:14116 misc:6987 imb:2 pmb:1908 smb:12490 d:- ref:0 ;
in:490 out:487 type:P dur:2 cpbdur:2 q:29.04 aq:24.04 tex:1093246 mv:67907 misc:5199 imb:947 pmb:11924 smb:1529 d:s ref:0 ;
in:488 out:488 type:B dur:2 cpbdur:2 q:29.06 aq:27.31 tex:75117 mv:36773 misc:9294 imb:2 pmb:4714 smb:9684 d:s ref:0 ;
in:487 out:489 type:b dur:2 cpbdur:2 q:29.07 aq:28.90 tex:26581 mv:22942 misc:8149 imb:3 pmb:2835 smb:11562 d:s ref:0 ;
in:489 out:490 type:b dur:2 cpbdur:2 q:29.05 aq:29.00 tex:8298 mv:15248 misc:7094 imb:5 pmb:1788 smb:12607 d:- ref:0 ;
in:494 out:491 type:P dur:2 cpbdur:2 q:28.98 aq:24.30 tex:977052 mv:65965 misc:4823 imb:772 pmb:12280 smb:1348 d:s ref:0 ;
in:492 out:492 type:B dur:2 cpbdur:2 q:29.01 aq:27.70 tex:26886 mv:29663 misc:10403 imb:13 pmb:3714 smb:10673 d:s ref:0 ;
in:491 out:493 type:b dur:2 cpbdur:2 q:29.02 aq:28.46 tex:12953 mv:20291 misc:7956 imb:2 pmb:2416 smb:11982 d:s ref:0 ;
in:493 out:494 type:b dur:2 cpbdur:2 q:28.99 aq:30.06 tex:12602 mv:15407 misc:7455 imb:0 pmb:2284 smb:12116 d:- ref:0 ;
in:498 out:495 type:P dur:2 cpbdur:2 q:28.92 aq:24.07 tex:1112387 mv:71622 misc:4927 imb:1229 pmb:11870 smb:1301 d:s ref:0 ;
in:496 out:496 type:B dur:2 cpbdur:2 q:28.95 aq:26.79 tex:90267 mv:38330 misc:11603 imb:22 pmb:5911 smb:8467 d:s ref:0 ;
in:495 out:497 type:b dur:2 cpbdur:2 q:28.96 aq:29.19 tex:11641 mv:18508 misc:7171 imb:4 pmb:1923 smb:12473 d:s ref:0 ;
in:497 out:498 type:b dur:2 cpbdur:2 q:28.94 aq:27.98 tex:11419 mv:15318 misc:7575 imb:0 pmb:2091 smb:12309 d:- ref:0 ;
in:502 out:499 type:P dur:2 cpbdur:2 q:28.88 aq:24.28 tex:943981 mv:65221 misc:5486 imb:685 pmb:12055 smb:1660 d:s ref:0 ;
in:500 out:500 type:B dur:2 cpbdur:2 q:28.90 aq:26.86 tex:96153 mv:40386 misc:10469 imb:16 pmb:5471 smb:8913 d:s ref:0 ;
in:499 out:501 type:b dur:2 cpbdur:2 q:28.91 aq:28.98 tex:10118 mv:14142 misc:6732 imb:4 pmb:1724 smb:12672 d:s ref:0 ;
in:501 out:502 type:b dur:2 cpbdur:2 q:28.89 aq:28.85 tex:12707 mv:19899 misc:8018 imb:5 pmb:2385 smb:12010 d:- ref:0 ;
in:506 out:503 type:P dur:2 cpbdur:2 q:28.81 aq:24.57 tex:1090723 mv:68955 misc:4762 imb:1041 pmb:12214 smb:1145 d:s ref:0 ;
in:504 out:504 type:B dur:2 cpbdur:2 q:28.85 aq:26.93 tex:124660 mv:38463 misc:10581 imb:14 pmb:5884 smb:8502 d:s ref:0 ;
in:503 out:505 type:b dur:2 cpbdur:2 q:28.86 aq:29.01 tex:17894 mv:17761 misc:8337 imb:3 pmb:2712 smb:11685 d:s ref:0 ;
in:505 out:506 type:b dur:2 cpbdur:2 q:28.83 aq:28.55 tex:15995 mv:21247 misc:9238 imb:11 pmb:2833 smb:11556 d:- ref:0 ;
in:510 out:507 type:P dur:2 cpbdur:2 q:28.75 aq:25.01 tex:960623 mv:67995 misc:5862 imb:1010 pmb:11626 smb:1764 d:s ref:0 ;
in:508 out:508 type:B dur:2 cpbdur:2 q:28.78 aq:26.88 tex:54343 mv:33581 misc:11620 imb:25 pmb:4108 smb:10267 d:s ref:0 ;
in:507 out:509 type:b dur:2 cpbdur:2 q:28.80 aq:28.30 tex:17490 mv:18263 misc:8663 imb:6 pmb:2465 smb:11929 d:s ref:0 ;
in:509 out:510 type:b dur:2 cpbdur:2 q:28.77 aq:28.54 tex:18576 mv:19858 misc:9038 imb:1 pmb:2986 smb:11413 d:- ref:0 ;
in:514 out:511 type:P dur:2 cpbdur:2 q:28.69 aq:27.00 tex:578010 mv:54231 misc:8335 imb:535 pmb:9302 smb:4563 d:s ref:0 ;
in:512 out:512 type:B dur:2 cpbdur:2 q:28.72 aq:26.97 tex:90047 mv:38539 misc:12118 imb:21 pmb:5440 smb:8939 d:s ref:0 ;
in:511 out:513 type:b dur:2 cpbdur:2 q:28.73 aq:28.15 tex:13002 mv:15298 misc:7260 imb:6 pmb:1963 smb:12431 d:s ref:0 ;
in:513 out:514 type:b dur:2 cpbdur:2 q:28.70 aq:28.60 tex:29510 mv:23469 misc:9781 imb:5 pmb:3431 smb:10964 d:- ref:0 ;
in:515 out:515 type:P dur:2 cpbdur:2 q:28.59 aq:28.52 tex:56993 mv:16917 misc:11306 imb:35 pmb:4328 smb:10037 d:s ref:0 ;
in:516 out:516 type:I dur:2 cpbdur:2 q:26.04 aq:19.10 tex:2004681 mv:384537 misc:590 imb:14400 pmb:0 smb:0 d:s ref:;
in:520 out:517 type:P dur:2 cpbdur:2 q:28.66 aq:21.77 tex:427817 mv:60117 misc:10602 imb:887 pmb:8089 smb:5424 d:s ref:0 ;
in:518 out:518 type:B dur:2 cpbdur:2 q:28.66 aq:24.99 tex:56946 mv:35106 misc:9324 imb:27 pmb:3448 smb:10925 d:s ref:0 ;
in:517 out:519 type:b dur:2 cpbdur:2 q:28.66 aq:27.38 tex:24083 mv:22432 misc:6821 imb:13 pmb:2112 smb:12275 d:s ref:0 ;
in:519 out:520 type:b dur:2 cpbdur:2 q:28.66 aq:26.91 tex:17840 mv:16243 misc:6437 imb:11 pmb:1619 smb:12770 d:- ref:0 ;
in:524 out:521 type:P dur:2 cpbdur:2 q:28.57 aq:21.84 tex:546444 mv:70445 misc:7703 imb:1447 pmb:8634 smb:4319 d:s ref:0 ;
in:522 out:522 type:B dur:2 cpbdur:2 q:28.61 aq:24.29 tex:71926 mv:38866 misc:10640 imb:35 pmb:4280 smb:10085 d:s ref:0 ;
in:521 out:523 type:b dur:2 cpbdur:2 q:28.63 aq:26.98 tex:26607 mv:24781 misc:8092 imb:19 pmb:2610 smb:11771 d:s ref:0 ;
in:523 out:524 type:b dur:2 cpbdur:2 q:28.59 aq:26.92 tex:14714 mv:15835 misc:5915 imb:10 pmb:1524 smb:12866 d:- ref:0 ;
in:528 out:525 type:P dur:2 cpbdur:2 q:28.47 aq:21.61 tex:564769 mv:73621 misc:7866 imb:1792 pmb:8986 smb:3622 d:s ref:0 ;
in:526 out:526 type:B dur:2 cpbdur:2 q:28.52 aq:24.09 tex:86682 mv:43062 misc:11320 imb:56 pmb:4966 smb:9378 d:s ref:0 ;
in:525 out:527 type:b dur:2 cpbdur:2 q:28.54 aq:26.85 tex:32861 mv:27100 misc:9263 imb:27 pmb:3115 smb:11258 d:s ref:0 ;
in:527 out:528 type:b dur:2 cpbdur:2 q:28.49 aq:26.61 tex:21539 mv:17671 misc:7158 imb:10 pmb:1961 smb:12429 d:- ref:0 ;
in:532 out:529 type:P dur:2 cpbdur:2 q:28.35 aq:21.99 tex:555482 mv:67974 misc:7136 imb:1409 pmb:8484 smb:4507 d:s ref:0 ;
in:530 out:530 type:B dur:2 cpbdur:2 q:28.41 aq:23.96 tex:91412 mv:43126 misc:11198 imb:63 pmb:5108 smb:9229 d:s ref:0 ;
in:529 out:531 type:b dur:2 cpbdur:2 q:28.44 aq:26.97 tex:24433 mv:22878 misc:7657 imb:9 pmb:2399 smb:11992 d:s ref:0 ;
in:531 out:532 type:b dur:2 cpbdur:2 q:28.38 aq:26.52 tex:16297 mv:15045 misc:5514 imb:8 pmb:1387 smb:13005 d:- ref:0 ;
in:536 out:533 type:P dur:2 cpbdur:2 q:28.28 aq:21.29 tex:615949 mv:86173 misc:7118 imb:2888 pmb:8951 smb:2561 d:s ref:0 ;
in:534 out:534 type:B dur:2 cpbdur:2 q:28.32 aq:24.03 tex:79262 mv:43914 misc:11928 imb:109 pmb:4943 smb:9348 d:s ref:0 ;
in:533 out:535 type:b dur:2 cpbdur:2 q:28.33 aq:25.41 tex:41051 mv:29401 misc:10324 imb:72 pmb:3700 smb:10628 d:s ref:0 ;
in:535 out:536 type:b dur:2 cpbdur:2 q:28.30 aq:25.70 tex:22537 mv:19020 misc:8483 imb:20 pmb:2325 smb:12055 d:- ref:0 ;
in:540 out:537 type:P dur:2 cpbdur:2 q:28.16 aq:21.14 tex:607735 mv:77101 misc:7644 imb:1948 pmb:9229 smb:3223 d:s ref:0 ;
in:538 out:538 type:B dur:2 cpbdur:2 q:28.22 aq:23.66 tex:92557 mv:43831 misc:11876 imb:78 pmb:5207 smb:9115 d:s ref:0 ;
in:537 out:539 type:b dur:2 cpbdur:2 q:28.25 aq:26.44 tex:26030 mv:23379 misc:8463 imb:25 pmb:2621 smb:11754 d:s ref:0 ;
in:539 out:540 type:b dur:2 cpbdur:2 q:28.19 aq:25.94 tex:15481 mv:14920 misc:5527 imb:10 pmb:1339 smb:13051 d:- ref:0 ;
in:544 out:541 type:P dur:2 cpbdur:2 q:28.03 aq:20.87 tex:555053 mv:72140 misc:8223 imb:1617 pmb:8852 smb:3931 d:s ref:0 ;
in:542 out:542 type:B dur:2 cpbdur:2 q:28.09 aq:23.72 tex:83453 mv:40638 misc:10917 imb:62 pmb:4527 smb:9811 d:s ref:0 ;
in:541 out:543 type:b dur:2 cpbdur:2 q:28.12 aq:26.13 tex:35503 mv:26186 misc:8759 imb:33 pmb:2954 smb:11413 d:s ref:0 ;
in:543 out:544 type:b dur:2 cpbdur:2 q:28.06 aq:25.76 tex:25737 mv:18711 misc:7960 imb:26 pmb:2243 smb:12131 d:- ref:0 ;
in:548 out:545 type:P dur:2 cpbdur:2 q:27.92 aq:20.92 tex:581438 mv:70163 misc:7207 imb:1445 pmb:8985 smb:3970 d:s ref:0 ;
in:546 out:546 type:B dur:2 cpbdur:2 q:27.98 aq:23.55 tex:101075 mv:43506 misc:11195 imb:91 pmb:5290 smb:9019 d:s ref:0 ;
in:545 out:547 type:b dur:2 cpbdur:2 q:28.00 aq:26.48 tex:25833 mv:21597 misc:7282 imb:14 pmb:2239 smb:12147 d:s ref:0 ;
in:547 out:548 type:b dur:2 cpbdur:2 q:27.95 aq:26.54 tex:15803 mv:13391 misc:5270 imb:7 pmb:1279 smb:13114 d:- ref:0 ;
in:552 out:549 type:P dur:2 cpbdur:2 q:27.84 aq:20.89 tex:552855 mv:69406 misc:7811 imb:1462 pmb:8848 smb:4090 d:s ref:0 ;
in:550 out:550 type:B dur:2 cpbdur:2 q:27.88 aq:23.37 tex:91404 mv:39474 misc:10882 imb:67 pmb:4608 smb:9725 d:s ref:0 ;
in:549 out:551 type:b dur:2 cpbdur:2 q:27.90 aq:25.28 tex:43462 mv:27940 misc:9710 imb:41 pmb:3505 smb:10854 d:s ref:0 ;
in:551 out:552 type:b dur:2 cpbdur:2 q:27.86 aq:25.22 tex:24319 mv:17257 misc:7360 imb:12 pmb:2062 smb:12326 d:- ref:0 ;
in:556 out:553 type:P dur:2 cpbdur:2 q:27.75 aq:21.22 tex:586105 mv:69214 misc:6641 imb:1496 pmb:8782 smb:4122 d:s ref:0 ;
in:554 out:554 type:B dur:2 cpbdur:2 q:27.79 aq:23.15 tex:95791 mv:43631 misc:11346 imb:70 pmb:5168 smb:9162 d:s ref:0 ;
in:553 out:555 type:b dur:2 cpbdur:2 q:27.82 aq:25.49 tex:28442 mv:22992 misc:7862 imb:20 pmb:2432 smb:11948 d:s ref:0 ;
in:555 out:556 type:b dur:2 cpbdur:2 q:27.77 aq:25.35 tex:14500 mv:14473 misc:5595 imb:8 pmb:1382 smb:13010 d:- ref:0 ;
in:560 out:557 type:P dur:2 cpbdur:2 q:27.64 aq:20.66 tex:634752 mv:85713 misc:6623 imb:2765 pmb:9002 smb:2633 d:s ref:0 ;
in:558 out:558 type:B dur:2 cpbdur:2 q:27.69 aq:23.22 tex:84720 mv:42123 misc:11229 imb:64 pmb:4816 smb:9520 d:s ref:0 ;
in:557 out:559 type:b dur:2 cpbdur:2 q:27.72 aq:25.07 tex:34799 mv:25579 misc:9406 imb:36 pmb:3146 smb:11218 d:s ref:0 ;
in:559 out:560 type:b dur:2 cpbdur:2 q:27.67 aq:24.58 tex:28787 mv:21128 misc:9165 imb:52 pmb:2723 smb:11625 d:- ref:0 ;
in:564 out:561 type:P dur:2 cpbdur:2 q:27.55 aq:20.39 tex:645165 mv:81248 misc:6899 imb:2223 pmb:9443 smb:2734 d:s ref:0 ;
in:562 out:562 type:B dur:2 cpbdur:2 q:27.59 aq:22.64 tex:111745 mv:50192 misc:12983 imb:156 pmb:6436 smb:7808 d:s ref:0 ;
in:561 out:563 type:b dur:2 cpbdur:2 q:27.62 aq:25.12 tex:29328 mv:25957 misc:9827 imb:26 pmb:3113 smb:11261 d:s ref:0 ;
in:563 out:564 type:b dur:2 cpbdur:2 q:27.57 aq:25.59 tex:14672 mv:13531 misc:5653 imb:9 pmb:1351 smb:13040 d:- ref:0 ;
in:568 out:565 type:P dur:2 cpbdur:2 q:27.44 aq:20.48 tex:534416 mv:69955 misc:8221 imb:1466 pmb:9206 smb:3728 d:s ref:0 ;
in:566 out:566 type:B dur:2 cpbdur:2 q:27.49 aq:22.89 tex:77868 mv:39985 misc:11643 imb:69 pmb:4637 smb:9694 d:s ref:0 ;
in:565 out:567 type:b dur:2 cpbdur:2 q:27.52 aq:24.61 tex:42407 mv:29189 misc:10316 imb:48 pmb:3704 smb:10648 d:s ref:0 ;
in:567 out:568 type:b dur:2 cpbdur:2 q:27.46 aq:24.71 tex:24587 mv:18385 misc:8388 imb:22 pmb:2376 smb:12002 d:- ref:0 ;
in:572 out:569 type:P dur:2 cpbdur:2 q:27.33 aq:20.75 tex:570782 mv:69108 misc:6990 imb:1574 pmb:9131 smb:3695 d:s ref:0 ;
in:570 out:570 type:B dur:2 cpbdur:2 q:27.38 aq:22.62 tex:96761 mv:42116 misc:12011 imb:83 pmb:5419 smb:8898 d:s ref:0 ;
in:569 out:571 type:b dur:2 cpbdur:2 q:27.41 aq:25.07 tex:27555 mv:22101 misc:8344 imb:25 pmb:2466 smb:11909 d:s ref:0 ;
in:571 out:572 type:b dur:2 cpbdur:2 q:27.36 aq:24.77 tex:14618 mv:12816 misc:5686 imb:12 pmb:1333 smb:13055 d:- ref:0 ;
in:576 out:573 type:P dur:2 cpbdur:2 q:27.24 aq:21.26 tex:554420 mv:67429 misc:7023 imb:1510 pmb:8896 smb:3994 d:s ref:0 ;
in:574 out:574 type:B dur:2 cpbdur:2 q:27.28 aq:22.39 tex:94426 mv:41374 misc:12064 imb:84 pmb:5295 smb:9021 d:s ref:0 ;
in:573 out:575 type:b dur:2 cpbdur:2 q:27.31 aq:24.32 tex:37919 mv:25877 misc:10372 imb:31 pmb:3583 smb:10786 d:s ref:0 ;
in:575 out:576 type:b dur:2 cpbdur:2 q:27.26 aq:23.99 tex:23469 mv:15561 misc:7978 imb:16 pmb:2137 smb:12247 d:- ref:0 ;
in:580 out:577 type:P dur:2 cpbdur:2 q:27.13 aq:20.63 tex:635283 mv:84574 misc:6855 imb:2810 pmb:9387 smb:2203 d:s ref:0 ;
in:578 out:578 type:B dur:2 cpbdur:2 q:27.18 aq:22.39 tex:137991 mv:52180 misc:13373 imb:155 pmb:7279 smb:6966 d:s ref:0 ;
in:577 out:579 type:b dur:2 cpbdur:2 q:27.21 aq:24.63 tex:29730 mv:24228 misc:9762 imb:42 pmb:2921 smb:11437 d:s ref:0 ;
in:579 out:580 type:b dur:2 cpbdur:2 q:27.16 aq:24.34 tex:15716 mv:12761 misc:6123 imb:13 pmb:1373 smb:13014 d:- ref:0 ;
in:584 out:581 type:P dur:2 cpbdur:2 q:27.02 aq:21.28 tex:382862 mv:62921 misc:10033 imb:1326 pmb:8273 smb:4801 d:s ref:0 ;
in:582 out:582 type:B dur:2 cpbdur:2 q:27.08 aq:22.28 tex:92393 mv:39789 misc:12562 imb:77 pmb:5237 smb:9086 d:s ref:0 ;
in:581 out:583 type:b dur:2 cpbdur:2 q:27.10 aq:24.08 tex:42876 mv:27177 misc:10667 imb:37 pmb:3790 smb:10573 d:s ref:0 ;
in:583 out:584 type:b dur:2 cpbdur:2 q:27.05 aq:24.21 tex:26192 mv:16280 misc:8376 imb:22 pmb:2338 smb:12040 d:- ref:0 ;
in:587 out:585 type:P dur:2 cpbdur:2 q:26.90 aq:23.07 tex:185940 mv:45439 misc:11581 imb:974 pmb:5712 smb:7714 d:s ref:0 ;
in:585 out:586 type:B dur:2 cpbdur:2 q:26.98 aq:24.23 tex:53450 mv:29663 misc:10735 imb:49 pmb:3680 smb:10671 d:s ref:0 ;
in:586 out:587 type:b dur:2 cpbdur:2 q:26.94 aq:24.04 tex:42273 mv:20590 misc:9977 imb:33 pmb:3184 smb:11183 d:- ref:0 ;
in:588 out:588 type:I dur:2 cpbdur:2 q:24.51 aq:15.91 tex:3195880 mv:402967 misc:585 imb:14400 pmb:0 smb:0 d:s ref:;
in:592 out:589 type:P dur:2 cpbdur:2 q:27.12 aq:18.68 tex:456098 mv:35442 misc:10652 imb:1621 pmb:8146 smb:4633 d:s ref:0 ;
in:590 out:590 type:B dur:2 cpbdur:2 q:27.12 aq:22.36 tex:34508 mv:16087 misc:9645 imb:65 pmb:2935 smb:11400 d:s ref:0 ;
in:589 out:591 type:b dur:2 cpbdur:2 q:27.12 aq:23.51 tex:15390 mv:9216 misc:7018 imb:33 pmb:1883 smb:12484 d:s ref:0 ;
in:591 out:592 type:b dur:2 cpbdur:2 q:27.12 aq:24.02 tex:9646 mv:4530 misc:4656 imb:15 pmb:829 smb:13556 d:- ref:0 ;
in:596 out:593 type:P dur:2 cpbdur:2 q:27.02 aq:19.14 tex:579858 mv:30677 misc:9393 imb:491 pmb:8528 smb:5381 d:s ref:0 ;
in:594 out:594 type:B dur:2 cpbdur:2 q:27.07 aq:23.48 tex:32724 mv:16970 misc:9378 imb:56 pmb:2553 smb:11791 d:s ref:0 ;
in:593 out:595 type:b dur:2 cpbdur:2 q:27.09 aq:24.47 tex:8928 mv:7711 misc:5225 imb:11 pmb:1089 smb:13300 d:s ref:0 ;
in:595 out:596 type:b dur:2 cpbdur:2 q:27.04 aq:24.04 tex:6876 mv:4409 misc:3899 imb:3 pmb:704 smb:13693 d:- ref:0 ;
in:600 out:597 type:P dur:2 cpbdur:2 q:26.90 aq:18.77 tex:640373 mv:35085 misc:8470 imb:745 pmb:9036 smb:4619 d:s ref:0 ;
in:598 out:598 type:B dur:2 cpbdur:2 q:26.96 aq:23.53 tex:32661 mv:16264 misc:9003 imb:38 pmb:2393 smb:11969 d:s ref:0 ;
in:597 out:599 type:b dur:2 cpbdur:2 q:26.99 aq:24.53 tex:10016 mv:7964 misc:5828 imb:16 pmb:1262 smb:13122 d:s ref:0 ;
in:599 out:600 type:b dur:2 cpbdur:2 q:26.93 aq:24.50 tex:10203 mv:6431 misc:5438 imb:11 pmb:1100 smb:13289 d:- ref:0 ;
in:604 out:601 type:P dur:2 cpbdur:2 q:26.77 aq:18.31 tex:764817 mv:45414 misc:7593 imb:1804 pmb:9849 smb:2747 d:s ref:0 ;
in:602 out:602 type:B dur:2 cpbdur:2 q:26.84 aq:23.30 tex:32756 mv:22078 misc:11206 imb:98 pmb:3489 smb:10813 d:s ref:0 ;
in:601 out:603 type:b dur:2 cpbdur:2 q:26.87 aq:25.34 tex:10693 mv:11984 misc:8363 imb:35 pmb:2096 smb:12269 d:s ref:0 ;
in:603 out:604 type:b dur:2 cpbdur:2 q:26.81 aq:25.13 tex:9175 mv:8009 misc:5744 imb:22 pmb:1210 smb:13168 d:- ref:0 ;
in:608 out:605 type:P dur:2 cpbdur:2 q:26.63 aq:18.60 tex:631356 mv:35052 misc:8904 imb:678 pmb:9163 smb:4559 d:s ref:0 ;
in:606 out:606 type:B dur:2 cpbdur:2 q:26.70 aq:23.14 tex:31573 mv:18296 misc:9947 imb:54 pmb:2728 smb:11618 d:s ref:0 ;
in:605 out:607 type:b dur:2 cpbdur:2 q:26.74 aq:25.09 tex:11822 mv:9571 misc:6591 imb:13 pmb:1547 smb:12840 d:s ref:0 ;
in:607 out:608 type:b dur:2 cpbdur:2 q:26.67 aq:24.86 tex:13273 mv:7648 misc:5943 imb:17 pmb:1272 smb:13111 d:- ref:0 ;
in:612 out:609 type:P dur:2 cpbdur:2 q:26.49 aq:18.50 tex:732125 mv:36951 misc:7948 imb:674 pmb:9498 smb:4228 d:s ref:0 ;
in:610 out:610 type:B dur:2 cpbdur:2 q:26.56 aq:23.27 tex:36521 mv:20320 misc:10519 imb:50 pmb:3104 smb:11246 d:s ref:0 ;
in:609 out:611 type:b dur:2 cpbdur:2 q:26.60 aq:25.72 tex:14221 mv:11770 misc:6969 imb:21 pmb:1628 smb:12751 d:s ref:0 ;
in:611 out:612 type:b dur:2 cpbdur:2 q:26.53 aq:23.75 tex:8709 mv:5935 misc:4788 imb:19 pmb:943 smb:13438 d:- ref:0 ;
in:616 out:613 type:P dur:2 cpbdur:2 q:26.37 aq:18.44 tex:678951 mv:37097 misc:8368 imb:703 pmb:9401 smb:4296 d:s ref:0 ;
in:614 out:614 type:B dur:2 cpbdur:2 q:26.43 aq:23.52 tex:36240 mv:19287 misc:9537 imb:59 pmb:2631 smb:11710 d:s ref:0 ;
in:613 out:615 type:b dur:2 cpbdur:2 q:26.46 aq:24.99 tex:16882 mv:13074 misc:8084 imb:45 pmb:1930 smb:12425 d:s ref:0 ;
in:615 out:616 type:b dur:2 cpbdur:2 q:26.40 aq:24.71 tex:12857 mv:9197 misc:6234 imb:23 pmb:1352 smb:13025 d:- ref:0 ;
in:620 out:617 type:P dur:2 cpbdur:2 q:26.27 aq:18.33 tex:783118 mv:39441 misc:7281 imb:851 pmb:9739 smb:3810 d:s ref:0 ;
in:618 out:618 type:B dur:2 cpbdur:2 q:26.32 aq:23.54 tex:38560 mv:20911 misc:10145 imb:51 pmb:2978 smb:11371 d:s ref:0 ;
in:617 out:619 type:b dur:2 cpbdur:2 q:26.34 aq:25.06 tex:14619 mv:13255 misc:7598 imb:30 pmb:1889 smb:12481 d:s ref:0 ;
in:619 out:620 type:b dur:2 cpbdur:2 q:26.30 aq:25.79 tex:10029 mv:10861 misc:6654 imb:18 pmb:1539 smb:12843 d:- ref:0 ;
in:624 out:621 type:P dur:2 cpbdur:2 q:26.17 aq:18.12 tex:690653 mv:39618 misc:8409 imb:942 pmb:9569 smb:3889 d:s ref:0 ;
in:622 out:622 type:B dur:2 cpbdur:2 q:26.22 aq:22.74 tex:41548 mv:22837 misc:10823 imb:67 pmb:3259 smb:11074 d:s ref:0 ;
in:621 out:623 type:b dur:2 cpbdur:2 q:26.25 aq:24.85 tex:13210 mv:12893 misc:7681 imb:27 pmb:1783 smb:12590 d:s ref:0 ;
in:623 out:624 type:b dur:2 cpbdur:2 q:26.20 aq:23.68 tex:16922 mv:11706 misc:7772 imb:22 pmb:1826 smb:12552 d:- ref:0 ;
in:628 out:625 type:P dur:2 cpbdur:2 q:26.08 aq:17.78 tex:838067 mv:48902 misc:6399 imb:2140 pmb:10073 smb:2187 d:s ref:0 ;
in:626 out:626 type:B dur:2 cpbdur:2 q:26.13 aq:22.42 tex:60351 mv:31954 misc:13599 imb:124 pmb:5289 smb:8987 d:s ref:0 ;
in:625 out:627 type:b dur:2 cpbdur:2 q:26.15 aq:23.79 tex:15720 mv:16150 misc:9322 imb:63 pmb:2396 smb:11941 d:s ref:0 ;
in:627 out:628 type:b dur:2 cpbdur:2 q:26.10 aq:23.99 tex:14242 mv:10553 misc:7093 imb:41 pmb:1564 smb:12795 d:- ref:0 ;
in:632 out:629 type:P dur:2 cpbdur:2 q:25.97 aq:17.91 tex:719351 mv:42576 misc:8073 imb:1084 pmb:9844 smb:3472 d:s ref:0 ;
in:630 out:630 type:B dur:2 cpbdur:2 q:26.03 aq:22.52 tex:42407 mv:23722 misc:11039 imb:68 pmb:3446 smb:10886 d:s ref:0 ;
in:629 out:631 type:b dur:2 cpbdur:2 q:26.05 aq:23.66 tex:20517 mv:16314 misc:9649 imb:62 pmb:2553 smb:11785 d:s ref:0 ;
in:631 out:632 type:b dur:2 cpbdur:2 q:26.00 aq:23.50 tex:15112 mv:10628 misc:7556 imb:20 pmb:1766 smb:12614 d:- ref:0 ;
in:636 out:633 type:P dur:2 cpbdur:2 q:25.87 aq:17.96 tex:787284 mv:42310 misc:7630 imb:1075 pmb:10017 smb:3308 d:s ref:0 ;
in:634 out:634 type:B dur:2 cpbdur:2 q:25.92 aq:22.84 tex:46422 mv:22868 misc:11166 imb:80 pmb:3477 smb:10843 d:s ref:0 ;
in:633 out:635 type:b dur:2 cpbdur:2 q:25.95 aq:24.36 tex:19044 mv:12400 misc:7732 imb:36 pmb:1817 smb:12547 d:s ref:0 ;
in:635 out:636 type:b dur:2 cpbdur:2 q:25.89 aq:24.64 tex:14706 mv:7796 misc:5794 imb:18 pmb:1194 smb:13188 d:- ref:0 ;
in:640 out:637 type:P dur:2 cpbdur:2 q:25.75 aq:18.02 tex:642994 mv:37546 misc:8876 imb:774 pmb:9526 smb:4100 d:s ref:0 ;
in:638 out:638 type:B dur:2 cpbdur:2 q:25.81 aq:22.42 tex:44850 mv:20448 misc:10278 imb:39 pmb:3038 smb:11323 d:s ref:0 ;
in:637 out:639 type:b dur:2 cpbdur:2 q:25.84 aq:23.97 tex:17944 mv:12164 misc:8220 imb:22 pmb:2017 smb:12361 d:s ref:0 ;
in:639 out:640 type:b dur:2 cpbdur:2 q:25.78 aq:23.43 tex:15778 mv:10125 misc:7289 imb:15 pmb:1736 smb:12649 d:- ref:0 ;
in:644 out:641 type:P dur:2 cpbdur:2 q:25.66 aq:18.26 tex:648209 mv:36025 misc:8102 imb:593 pmb:9454 smb:4353 d:s ref:0 ;
in:642 out:642 type:B dur:2 cpbdur:2 q:25.70 aq:22.39 tex:59949 mv:24330 misc:11641 imb:68 pmb:4018 smb:10314 d:s ref:0 ;
in:641 out:643 type:b dur:2 cpbdur:2 q:25.73 aq:24.72 tex:18555 mv:11322 misc:6811 imb:22 pmb:1671 smb:12707 d:s ref:0 ;
in:643 out:644 type:b dur:2 cpbdur:2 q:25.68 aq:24.55 tex:14168 mv:7829 misc:5987 imb:20 pmb:1308 smb:13072 d:- ref:0 ;
in:648 out:645 type:P dur:2 cpbdur:2 q:25.62 aq:18.58 tex:603500 mv:36292 misc:8536 imb:743 pmb:9279 smb:4378 d:s ref:0 ;
in:646 out:646 type:B dur:2 cpbdur:2 q:25.64 aq:22.18 tex:64151 mv:24395 misc:11646 imb:76 pmb:4001 smb:10323 d:s ref:0 ;
in:645 out:647 type:b dur:2 cpbdur:2 q:25.65 aq:23.83 tex:18758 mv:13705 misc:8609 imb:22 pmb:2357 smb:12021 d:s ref:0 ;
in:647 out:648 type:b dur:2 cpbdur:2 q:25.63 aq:24.17 tex:16200 mv:7690 misc:6158 imb:19 pmb:1413 smb:12968 d:- ref:0 ;
in:652 out:649 type:P dur:2 cpbdur:2 q:25.52 aq:18.72 tex:601786 mv:39336 misc:8342 imb:894 pmb:9627 smb:3879 d:s ref:0 ;
in:650 out:650 type:B dur:2 cpbdur:2 q:25.57 aq:22.22 tex:64989 mv:23624 misc:11683 imb:79 pmb:4090 smb:10231 d:s ref:0 ;
in:649 out:651 type:b dur:2 cpbdur:2 q:25.60 aq:24.10 tex:22480 mv:11218 misc:7486 imb:33 pmb:1833 smb:12534 d:s ref:0 ;
in:651 out:652 type:b dur:2 cpbdur:2 q:25.54 aq:23.35 tex:14050 mv:7142 misc:5360 imb:16 pmb:1120 smb:13264 d:- ref:0 ;
in:656 out:653 type:P dur:2 cpbdur:2 q:25.41 aq:20.00 tex:316708 mv:30921 misc:11627 imb:547 pmb:7573 smb:6280 d:s ref:0 ;
in:654 out:654 type:B dur:2 cpbdur:2 q:25.46 aq:22.10 tex:78592 mv:22854 misc:11018 imb:55 pmb:3834 smb:10511 d:s ref:0 ;
in:653 out:655 type:b dur:2 cpbdur:2 q:25.49 aq:23.69 tex:21962 mv:12288 misc:7590 imb:15 pmb:1987 smb:12398 d:s ref:0 ;
in:655 out:656 type:b dur:2 cpbdur:2 q:25.44 aq:24.19 tex:22812 mv:11322 misc:8050 imb:20 pmb:2134 smb:12246 d:- ref:0 ;
in:660 out:657 type:P dur:2 cpbdur:2 q:25.26 aq:23.27 tex:84139 mv:18678 misc:11303 imb:304 pmb:3998 smb:10098 d:s ref:0 ;
in:658 out:658 type:B dur:2 cpbdur:2 q:25.34 aq:22.00 tex:129450 mv:29487 misc:12087 imb:82 pmb:5593 smb:8725 d:s ref:0 ;
in:657 out:659 type:b dur:2 cpbdur:2 q:25.37 aq:24.08 tex:24408 mv:13239 misc:7961 imb:19 pmb:2129 smb:12252 d:s ref:0 ;
in:659 out:660 type:b dur:2 cpbdur:2 q:25.30 aq:23.83 tex:34421 mv:13995 misc:8368 imb:38 pmb:2280 smb:12082 d:- ref:0 ;
in:661 out:661 type:I dur:2 cpbdur:2 q:22.85 aq:17.53 tex:6328406 mv:615267 misc:687 imb:14400 pmb:0 smb:0 d:s ref:;
in:665 out:662 type:P dur:2 cpbdur:2 q:25.59 aq:20.20 tex:1482687 mv:56147 misc:4318 imb:177 pmb:13155 smb:1068 d:s ref:0 ;
in:663 out:663 type:B dur:2 cpbdur:2 q:25.59 aq:24.60 tex:143273 mv:40425 misc:12478 imb:2 pmb:5543 smb:8855 d:s ref:0 ;
in:662 out:664 type:b dur:2 cpbdur:2 q:25.59 aq:27.23 tex:13850 mv:15374 misc:7168 imb:1 pmb:1676 smb:12723 d:s ref:0 ;
in:664 out:665 type:b dur:2 cpbdur:2 q:25.59 aq:26.70 tex:33906 mv:23358 misc:10624 imb:4 pmb:3239 smb:11157 d:- ref:0 ;
in:669 out:666 type:P dur:2 cpbdur:2 q:25.54 aq:20.25 tex:1857413 mv:60956 misc:3063 imb:477 pmb:13257 smb:666 d:s ref:0 ;
in:667 out:667 type:B dur:2 cpbdur:2 q:25.56 aq:24.42 tex:190091 mv:44519 misc:12670 imb:16 pmb:6932 smb:7452 d:s ref:0 ;
in:666 out:668 type:b dur:2 cpbdur:2 q:25.58 aq:26.96 tex:25094 mv:19999 misc:9291 imb:2 pmb:2514 smb:11884 d:s ref:0 ;
in:668 out:669 type:b dur:2 cpbdur:2 q:25.55 aq:26.69 tex:35166 mv:23702 misc:10148 imb:8 pmb:2985 smb:11407 d:- ref:0 ;
in:673 out:670 type:P dur:2 cpbdur:2 q:25.50 aq:20.22 tex:2186761 mv:62031 misc:1832 imb:409 pmb:13740 smb:251 d:s ref:0 ;
in:671 out:671 type:B dur:2 cpbdur:2 q:25.52 aq:24.56 tex:137353 mv:42693 misc:13082 imb:15 pmb:5610 smb:8775 d:s ref:0 ;
in:670 out:672 type:b dur:2 cpbdur:2 q:25.53 aq:26.42 tex:37636 mv:27336 misc:11876 imb:10 pmb:3886 smb:10504 d:s ref:0 ;
in:672 out:673 type:b dur:2 cpbdur:2 q:25.51 aq:26.44 tex:45848 mv:27902 misc:11066 imb:1 pmb:3641 smb:10758 d:- ref:0 ;
in:677 out:674 type:P dur:2 cpbdur:2 q:25.45 aq:20.21 tex:1945754 mv:60269 misc:2553 imb:383 pmb:13590 smb:427 d:s ref:0 ;
in:675 out:675 type:B dur:2 cpbdur:2 q:25.47 aq:24.40 tex:138753 mv:44020 misc:13435 imb:19 pmb:5970 smb:8411 d:s ref:0 ;
in:674 out:676 type:b dur:2 cpbdur:2 q:25.48 aq:26.53 tex:22267 mv:17423 misc:8310 imb:2 pmb:2143 smb:12255 d:s ref:0 ;
in:676 out:677 type:b dur:2 cpbdur:2 q:25.46 aq:26.12 tex:50669 mv:27396 misc:11063 imb:5 pmb:3631 smb:10764 d:- ref:0 ;
in:681 out:678 type:P dur:2 cpbdur:2 q:25.58 aq:20.15 tex:1894656 mv:61605 misc:2323 imb:537 pmb:13494 smb:369 d:s ref:0 w:0,1,-1 ;
in:679 out:679 type:B dur:2 cpbdur:2 q:25.51 aq:24.33 tex:200152 mv:52378 misc:12862 imb:25 pmb:7676 smb:6699 d:s ref:0 ;
in:678 out:680 type:b dur:2 cpbdur:2 q:25.48 aq:26.11 tex:24438 mv:18928 misc:9002 imb:9 pmb:2416 smb:11975 d:s ref:0 ;
in:680 out:681 type:b dur:2 cpbdur:2 q:25.55 aq:26.41 tex:43903 mv:24543 misc:11298 imb:9 pmb:3535 smb:10856 d:- ref:0 ;
in:685 out:682 type:P dur:2 cpbdur:2 q:25.63 aq:20.18 tex:1933828 mv:62880 misc:2156 imb:442 pmb:13702 smb:256 d:s ref:0 ;
in:683 out:683 type:B dur:2 cpbdur:2 q:25.61 aq:24.52 tex:207704 mv:45740 misc:12636 imb:20 pmb:7420 smb:6960 d:s ref:0 ;
in:682 out:684 type:b dur:2 cpbdur:2 q:25.59 aq:26.67 tex:33286 mv:24272 misc:10778 imb:11 pmb:3319 smb:11070 d:s ref:0 ;
in:684 out:685 type:b dur:2 cpbdur:2 q:25.62 aq:26.75 tex:37492 mv:24065 misc:10083 imb:4 pmb:2930 smb:11466 d:- ref:0 ;
in:689 out:686 type:P dur:2 cpbdur:2 q:25.75 aq:20.41 tex:1782625 mv:60358 misc:2505 imb:361 pmb:13646 smb:393 d:s ref:0 ;
in:687 out:687 type:B dur:2 cpbdur:2 q:25.69 aq:25.11 tex:90116 mv:35317 misc:11679 imb:8 pmb:4170 smb:10222 d:s ref:0 ;
in:686 out:688 type:b dur:2 cpbdur:2 q:25.66 aq:26.40 tex:23572 mv:19133 misc:9871 imb:4 pmb:2695 smb:11701 d:s ref:0 ;
in:688 out:689 type:b dur:2 cpbdur:2 q:25.72 aq:27.01 tex:30050 mv:23311 misc:9871 imb:4 pmb:2819 smb:11577 d:- ref:0 ;
in:693 out:690 type:P dur:2 cpbdur:2 q:25.86 aq:20.49 tex:1717869 mv:60089 misc:2898 imb:348 pmb:13498 smb:554 d:s ref:0 ;
in:691 out:691 type:B dur:2 cpbdur:2 q:25.80 aq:24.91 tex:127409 mv:43598 misc:13017 imb:22 pmb:5972 smb:8406 d:s ref:0 ;
in:690 out:692 type:b dur:2 cpbdur:2 q:25.77 aq:26.67 tex:16325 mv:16088 misc:7835 imb:4 pmb:1941 smb:12455 d:s ref:0 ;
in:692 out:693 type:b dur:2 cpbdur:2 q:25.83 aq:26.71 tex:36726 mv:24599 misc:10675 imb:10 pmb:3197 smb:11193 d:- ref:0 ;
in:697 out:694 type:P dur:2 cpbdur:2 q:25.95 aq:20.46 tex:1880948 mv:63748 misc:2400 imb:516 pmb:13560 smb:324 d:s ref:0 ;
in:695 out:695 type:B dur:2 cpbdur:2 q:25.90 aq:24.93 tex:159689 mv:47993 misc:13134 imb:20 pmb:6787 smb:7593 d:s ref:0 ;
in:694 out:696 type:b dur:2 cpbdur:2 q:25.88 aq:26.94 tex:24136 mv:19948 misc:9076 imb:9 pmb:2377 smb:12014 d:s ref:0 ;
in:696 out:697 type:b dur:2 cpbdur:2 q:25.93 aq:26.62 tex:45905 mv:24899 misc:10684 imb:4 pmb:3573 smb:10823 d:- ref:0 ;
in:701 out:698 type:P dur:2 cpbdur:2 q:26.02 aq:20.71 tex:1540233 mv:55936 misc:3191 imb:257 pmb:13525 smb:618 d:s ref:0 ;
in:699 out:699 type:B dur:2 cpbdur:2 q:25.99 aq:24.97 tex:125807 mv:36206 misc:12683 imb:18 pmb:5529 smb:8853 d:s ref:0 ;
in:698 out:700 type:b dur:2 cpbdur:2 q:25.97 aq:27.01 tex:21846 mv:18635 misc:9063 imb:1 pmb:2499 smb:11900 d:s ref:0 ;
in:700 out:701 type:b dur:2 cpbdur:2 q:26.01 aq:27.32 tex:17085 mv:16155 misc:8072 imb:2 pmb:2015 smb:12383 d:- ref:0 ;
in:705 out:702 type:P dur:2 cpbdur:2 q:26.04 aq:20.87 tex:1720279 mv:61950 misc:2707 imb:407 pmb:13524 smb:469 d:s ref:0 ;
in:703 out:703 type:B dur:2 cpbdur:2 q:26.03 aq:25.19 tex:113374 mv:39758 misc:12228 imb:15 pmb:4914 smb:9471 d:s ref:0 ;
in:702 out:704 type:b dur:2 cpbdur:2 q:26.03 aq:26.85 tex:46221 mv:25283 misc:10656 imb:5 pmb:3379 smb:11016 d:s ref:0 ;
in:704 out:705 type:b dur:2 cpbdur:2 q:26.03 aq:27.13 tex:25247 mv:20305 misc:9648 imb:10 pmb:2702 smb:11688 d:- ref:0 ;
in:709 out:706 type:P dur:2 cpbdur:2 q:26.06 aq:20.96 tex:1733898 mv:61386 misc:2500 imb:446 pmb:13509 smb:445 d:s ref:0 ;
in:707 out:707 type:B dur:2 cpbdur:2 q:26.05 aq:25.24 tex:98149 mv:39666 misc:12721 imb:15 pmb:5172 smb:9213 d:s ref:0 ;
in:706 out:708 type:b dur:2 cpbdur:2 q:26.04 aq:26.57 tex:30952 mv:21334 misc:9090 imb:3 pmb:2536 smb:11861 d:s ref:0 ;
in:708 out:709 type:b dur:2 cpbdur:2 q:26.05 aq:27.08 tex:21517 mv:19383 misc:9452 imb:9 pmb:2611 smb:11780 d:- ref:0 ;
in:713 out:710 type:P dur:2 cpbdur:2 q:26.08 aq:20.98 tex:1718540 mv:60510 misc:2646 imb:374 pmb:13549 smb:477 d:s ref:0 ;
in:711 out:711 type:B dur:2 cpbdur:2 q:26.07 aq:24.87 tex:169828 mv:45581 misc:12615 imb:23 pmb:6962 smb:7415 d:s ref:0 ;
in:710 out:712 type:b dur:2 cpbdur:2 q:26.06 aq:27.25 tex:34754 mv:24901 misc:10657 imb:4 pmb:3398 smb:10998 d:s ref:0 ;
in:712 out:713 type:b dur:2 cpbdur:2 q:26.07 aq:26.71 tex:26980 mv:18642 misc:9914 imb:9 pmb:2713 smb:11678 d:- ref:0 ;
in:717 out:714 type:P dur:2 cpbdur:2 q:26.09 aq:21.02 tex:1706647 mv:61501 misc:2668 imb:472 pmb:13474 smb:454 d:s ref:0 ;
in:715 out:715 type:B dur:2 cpbdur:2 q:26.09 aq:24.89 tex:205759 mv:49292 misc:12557 imb:41 pmb:7677 smb:6682 d:s ref:0 ;
in:714 out:716 type:b dur:2 cpbdur:2 q:26.08 aq:27.37 tex:45272 mv:28248 misc:11440 imb:10 pmb:3932 smb:10458 d:s ref:0 ;
in:716 out:717 type:b dur:2 cpbdur:2 q:26.09 aq:26.74 tex:21613 mv:17671 misc:8652 imb:13 pmb:2189 smb:12198 d:- ref:0 ;
in:721 out:718 type:P dur:2 cpbdur:2 q:26.20 aq:21.29 tex:2511537 mv:64065 misc:1334 imb:664 pmb:13662 smb:74 d:s ref:0 ;
in:719 out:719 type:B dur:2 cpbdur:2 q:26.15 aq:24.97 tex:169786 mv:44931 misc:12923 imb:25 pmb:6450 smb:7925 d:s ref:0 ;
in:718 out:720 type:b dur:2 cpbdur:2 q:26.12 aq:26.98 tex:52397 mv:27364 misc:11151 imb:6 pmb:3780 smb:10614 d:s ref:0 ;
in:720 out:721 type:b dur:2 cpbdur:2 q:26.18 aq:26.95 tex:36894 mv:19688 misc:10042 imb:5 pmb:2983 smb:11412 d:- ref:0 ;
in:725 out:722 type:P dur:2 cpbdur:2 q:26.27 aq:21.06 tex:1805989 mv:61540 misc:2079 imb:587 pmb:13573 smb:240 d:s ref:0 ;
in:723 out:723 type:B dur:2 cpbdur:2 q:26.24 aq:25.13 tex:193480 mv:47214 misc:12234 imb:15 pmb:7488 smb:6897 d:s ref:0 ;
in:722 out:724 type:b dur:2 cpbdur:2 q:26.22 aq:27.34 tex:36522 mv:25592 misc:10646 imb:3 pmb:3463 smb:10934 d:s ref:0 ;
in:724 out:725 type:b dur:2 cpbdur:2 q:26.25 aq:27.16 tex:19674 mv:16149 misc:8465 imb:1 pmb:2092 smb:12307 d:- ref:0 ;
in:729 out:726 type:P dur:2 cpbdur:2 q:26.32 aq:21.06 tex:1773513 mv:61309 misc:2482 imb:480 pmb:13570 smb:350 d:s ref:0 ;
in:727 out:727 type:B dur:2 cpbdur:2 q:26.30 aq:25.34 tex:150317 mv:43825 misc:13306 imb:10 pmb:6265 smb:8125 d:s ref:0 ;
in:726 out:728 type:b dur:2 cpbdur:2 q:26.28 aq:27.17 tex:51173 mv:27663 misc:11852 imb:11 pmb:4310 smb:10079 d:s ref:0 ;
in:728 out:729 type:b dur:2 cpbdur:2 q:26.31 aq:27.27 tex:17972 mv:17913 misc:8403 imb:6 pmb:2087 smb:12307 d:- ref:0 ;
in:733 out:730 type:P dur:2 cpbdur:2 q:26.37 aq:21.19 tex:1727966 mv:60121 misc:2193 imb:463 pmb:13631 smb:306 d:s ref:0 ;
in:731 out:731 type:B dur:2 cpbdur:2 q:26.35 aq:25.90 tex:69594 mv:35625 misc:12157 imb:22 pmb:4354 smb:10024 d:s ref:0 ;
in:730 out:732 type:b dur:2 cpbdur:2 q:26.33 aq:27.33 tex:36407 mv:26028 misc:10589 imb:8 pmb:3199 smb:11193 d:s ref:0 ;
in:732 out:733 type:b dur:2 cpbdur:2 q:26.36 aq:27.25 tex:17257 mv:15350 misc:8233 imb:4 pmb:2111 smb:12285 d:- ref:0 ;
in:737 out:734 type:P dur:2 cpbdur:2 q:26.37 aq:21.14 tex:1656955 mv:59395 misc:2778 imb:370 pmb:13559 smb:471 d:s ref:0 ;
in:735 out:735 type:B dur:2 cpbdur:2 q:26.37 aq:25.38 tex:130879 mv:42077 misc:13260 imb:20 pmb:6236 smb:8144 d:s ref:0 ;
in:734 out:736 type:b dur:2 cpbdur:2 q:26.37 aq:27.27 tex:25422 mv:22633 misc:9521 imb:6 pmb:2642 smb:11752 d:s ref:0 ;
in:736 out:737 type:b dur:2 cpbdur:2 q:26.37 aq:27.31 tex:20617 mv:16844 misc:8899 imb:3 pmb:2314 smb:12083 d:- ref:0 ;
in:741 out:738 type:P dur:2 cpbdur:2 q:26.41 aq:21.11 tex:1709065 mv:61039 misc:2624 imb:431 pmb:13582 smb:387 d:s ref:0 ;
in:739 out:739 type:B dur:2 cpbdur:2 q:26.39 aq:25.15 tex:179893 mv:45695 misc:11932 imb:17 pmb:6975 smb:7408 d:s ref:0 ;
in:738 out:740 type:b dur:2 cpbdur:2 q:26.38 aq:27.47 tex:35504 mv:25276 misc:10620 imb:5 pmb:3432 smb:10963 d:s ref:0 ;
in:740 out:741 type:b dur:2 cpbdur:2 q:26.40 aq:27.64 tex:17009 mv:16299 misc:8364 imb:5 pmb:2077 smb:12318 d:- ref:0 ;
in:745 out:742 type:P dur:2 cpbdur:2 q:26.45 aq:21.11 tex:1731653 mv:60378 misc:2625 imb:358 pmb:13597 smb:445 d:s ref:0 ;
in:743 out:743 type:B dur:2 cpbdur:2 q:26.43 aq:25.68 tex:129955 mv:40279 misc:12798 imb:14 pmb:5562 smb:8824 d:s ref:0 ;
in:742 out:744 type:b dur:2 cpbdur:2 q:26.42 aq:27.48 tex:44269 mv:24572 misc:10951 imb:7 pmb:3653 smb:10740 d:s ref:0 ;
in:744 out:745 type:b dur:2 cpbdur:2 q:26.44 aq:27.20 tex:18455 mv:18280 misc:9233 imb:4 pmb:2538 smb:11858 d:- ref:0 ;
in:749 out:746 type:P dur:2 cpbdur:2 q:26.47 aq:21.28 tex:1593330 mv:58529 misc:2445 imb:310 pmb:13725 smb:365 d:s ref:0 ;
in:747 out:747 type:B dur:2 cpbdur:2 q:26.46 aq:25.88 tex:73020 mv:36361 misc:12259 imb:19 pmb:4373 smb:10008 d:s ref:0 ;
in:746 out:748 type:b dur:2 cpbdur:2 q:26.45 aq:27.72 tex:28372 mv:23701 misc:9655 imb:8 pmb:2780 smb:11612 d:s ref:0 ;
in:748 out:749 type:b dur:2 cpbdur:2 q:26.47 aq:27.52 tex:14144 mv:15838 misc:7802 imb:4 pmb:1953 smb:12443 d:- ref:0 ;
in:753 out:750 type:P dur:2 cpbdur:2 q:26.47 aq:21.24 tex:1722196 mv:59539 misc:2649 imb:350 pmb:13596 smb:454 d:s ref:0 ;
in:751 out:751 type:B dur:2 cpbdur:2 q:26.47 aq:25.29 tex:158691 mv:42589 misc:12096 imb:8 pmb:6426 smb:7966 d:s ref:0 ;
in:750 out:752 type:b dur:2 cpbdur:2 q:26.47 aq:27.77 tex:23295 mv:22464 misc:9905 imb:3 pmb:2940 smb:11457 d:s ref:0 ;
in:752 out:753 type:b dur:2 cpbdur:2 q:26.47 aq:27.81 tex:9944 mv:12804 misc:6588 imb:1 pmb:1480 smb:12919 d:- ref:0 ;
in:757 out:754 type:P dur:2 cpbdur:2 q:26.49 aq:21.19 tex:1725458 mv:60317 misc:2649 imb:353 pmb:13596 smb:451 d:s ref:0 ;
in:755 out:755 type:B dur:2 cpbdur:2 q:26.48 aq:25.89 tex:106638 mv:37786 misc:12216 imb:7 pmb:5054 smb:9339 d:s ref:0 ;
in:754 out:756 type:b dur:2 cpbdur:2 q:26.47 aq:27.52 tex:51312 mv:27274 misc:11566 imb:7 pmb:4011 smb:10382 d:s ref:0 ;
in:756 out:757 type:b dur:2 cpbdur:2 q:26.48 aq:27.56 tex:23995 mv:19491 misc:9866 imb:9 pmb:2801 smb:11590 d:- ref:0 ;
in:761 out:758 type:P dur:2 cpbdur:2 q:26.50 aq:21.33 tex:1624451 mv:58953 misc:2692 imb:273 pmb:13694 smb:433 d:s ref:0 ;
in:759 out:759 type:B dur:2 cpbdur:2 q:26.50 aq:25.85 tex:93894 mv:38194 misc:12624 imb:9 pmb:5041 smb:9350 d:s ref:0 ;
in:758 out:760 type:b dur:2 cpbdur:2 q:26.49 aq:27.72 tex:23222 mv:22169 misc:9137 imb:4 pmb:2519 smb:11877 d:s ref:0 ;
in:760 out:761 type:b dur:2 cpbdur:2 q:26.50 aq:27.85 tex:10536 mv:14431 misc:7169 imb:3 pmb:1656 smb:12741 d:- ref:0 ;
in:765 out:762 type:P dur:2 cpbdur:2 q:26.51 aq:21.26 tex:1642737 mv:59057 misc:2798 imb:372 pmb:13550 smb:478 d:s ref:0 ;
in:763 out:763 type:B dur:2 cpbdur:2 q:26.51 aq:25.44 tex:123495 mv:41795 misc:12766 imb:13 pmb:6109 smb:8278 d:s ref:0 ;
in:762 out:764 type:b dur:2 cpbdur:2 q:26.51 aq:27.35 tex:36565 mv:23662 misc:10781 imb:2 pmb:3376 smb:11022 d:s ref:0 ;
in:764 out:765 type:b dur:2 cpbdur:2 q:26.51 aq:27.74 tex:19426 mv:14999 misc:8071 imb:6 pmb:2002 smb:12392 d:- ref:0 ;
in:769 out:766 type:P dur:2 cpbdur:2 q:26.53 aq:21.26 tex:1865460 mv:61283 misc:2265 imb:399 pmb:13676 smb:325 d:s ref:0 ;
in:767 out:767 type:B dur:2 cpbdur:2 q:26.52 aq:25.90 tex:97463 mv:38295 misc:12122 imb:12 pmb:4797 smb:9591 d:s ref:0 ;
in:766 out:768 type:b dur:2 cpbdur:2 q:26.51 aq:27.40 tex:44992 mv:26648 misc:11016 imb:8 pmb:3576 smb:10816 d:s ref:0 ;
in:768 out:769 type:b dur:2 cpbdur:2 q:26.52 aq:27.59 tex:22014 mv:18112 misc:9282 imb:5 pmb:2538 smb:11857 d:- ref:0 ;
in:773 out:770 type:P dur:2 cpbdur:2 q:26.55 aq:21.36 tex:1615290 mv:58980 misc:2498 imb:303 pmb:13747 smb:350 d:s ref:0 ;
in:771 out:771 type:B dur:2 cpbdur:2 q:26.54 aq:25.99 tex:71742 mv:36736 misc:12706 imb:17 pmb:4869 smb:9514 d:s ref:0 ;
in:770 out:772 type:b dur:2 cpbdur:2 q:26.53 aq:27.92 tex:23552 mv:22228 misc:9100 imb:5 pmb:2478 smb:11917 d:s ref:0 ;
in:772 out:773 type:b dur:2 cpbdur:2 q:26.54 aq:27.84 tex:15991 mv:15584 misc:7841 imb:1 pmb:1963 smb:12436 d:- ref:0 ;
in:777 out:774 type:P dur:2 cpbdur:2 q:26.56 aq:21.35 tex:1535359 mv:58977 misc:3096 imb:372 pmb:13524 smb:504 d:s ref:0 ;
in:775 out:775 type:B dur:2 cpbdur:2 q:26.56 aq:25.77 tex:119528 mv:40097 misc:12799 imb:19 pmb:5981 smb:8400 d:s ref:0 ;
in:774 out:776 type:b dur:2 cpbdur:2 q:26.55 aq:27.48 tex:26041 mv:22880 misc:10055 imb:9 pmb:2939 smb:11452 d:s ref:0 ;
in:776 out:777 type:b dur:2 cpbdur:2 q:26.56 aq:27.20 tex:20039 mv:17067 misc:8910 imb:5 pmb:2339 smb:12056 d:- ref:0 ;
in:781 out:778 type:P dur:2 cpbdur:2 q:26.57 aq:21.34 tex:1634415 mv:60195 misc:3030 imb:365 pmb:13502 smb:533 d:s ref:0 ;
in:779 out:779 type:B dur:2 cpbdur:2 q:26.57 aq:25.48 tex:166340 mv:45814 misc:12430 imb:20 pmb:6869 smb:7511 d:s ref:0 ;
in:778 out:780 type:b dur:2 cpbdur:2 q:26.56 aq:27.64 tex:27931 mv:23225 misc:10188 imb:0 pmb:3136 smb:11264 d:s ref:0 ;
in:780 out:781 type:b dur:2 cpbdur:2 q:26.57 aq:27.43 tex:14910 mv:15033 misc:7385 imb:3 pmb:1751 smb:12646 d:- ref:0 ;
in:785 out:782 type:P dur:2 cpbdur:2 q:26.60 aq:21.52 tex:1532056 mv:59368 misc:3000 imb:289 pmb:13582 smb:529 d:s ref:0 ;
in:783 out:783 type:B dur:2 cpbdur:2 q:26.59 aq:25.97 tex:93337 mv:37764 misc:12219 imb:9 pmb:4669 smb:9722 d:s ref:0 ;
in:782 out:784 type:b dur:2 cpbdur:2 q:26.58 aq:27.48 tex:33562 mv:24174 misc:10232 imb:10 pmb:3139 smb:11251 d:s ref:0 ;
in:784 out:785 type:b dur:2 cpbdur:2 q:26.59 aq:27.73 tex:17888 mv:19409 misc:9207 imb:9 pmb:2431 smb:11960 d:- ref:0 ;
in:789 out:786 type:P dur:2 cpbdur:2 q:26.60 aq:21.78 tex:1437751 mv:58001 misc:3184 imb:309 pmb:13494 smb:597 d:s ref:0 ;
in:787 out:787 type:B dur:2 cpbdur:2 q:26.60 aq:25.99 tex:71426 mv:36098 misc:12452 imb:7 pmb:4700 smb:9693 d:s ref:0 ;
in:786 out:788 type:b dur:2 cpbdur:2 q:26.60 aq:28.23 tex:22250 mv:22326 misc:9264 imb:2 pmb:2574 smb:11824 d:s ref:0 ;
in:788 out:789 type:b dur:2 cpbdur:2 q:26.60 aq:27.68 tex:18912 mv:16451 misc:8237 imb:4 pmb:2162 smb:12234 d:- ref:0 ;
in:793 out:790 type:P dur:2 cpbdur:2 q:26.60 aq:21.78 tex:1873932 mv:62016 misc:1820 imb:539 pmb:13693 smb:168 d:s ref:0 ;
in:791 out:791 type:B dur:2 cpbdur:2 q:26.60 aq:25.81 tex:119936 mv:41782 misc:12554 imb:10 pmb:5790 smb:8600 d:s ref:0 ;
in:790 out:792 type:b dur:2 cpbdur:2 q:26.60 aq:28.14 tex:23433 mv:21975 misc:9464 imb:0 pmb:2694 smb:11706 d:s ref:0 ;
in:792 out:793 type:b dur:2 cpbdur:2 q:26.60 aq:27.51 tex:20840 mv:15690 misc:8030 imb:3 pmb:2045 smb:12352 d:- ref:0 ;
in:797 out:794 type:P dur:2 cpbdur:2 q:26.62 aq:21.91 tex:1359854 mv:56871 misc:4131 imb:262 pmb:13336 smb:802 d:s ref:0 ;
in:795 out:795 type:B dur:2 cpbdur:2 q:26.61 aq:25.82 tex:110425 mv:40616 misc:12543 imb:15 pmb:5633 smb:8752 d:s ref:0 ;
in:794 out:796 type:b dur:2 cpbdur:2 q:26.60 aq:28.00 tex:39021 mv:24567 misc:10332 imb:8 pmb:3193 smb:11199 d:s ref:0 ;
in:796 out:797 type:b dur:2 cpbdur:2 q:26.61 aq:27.81 tex:21848 mv:15481 misc:8655 imb:2 pmb:2273 smb:12125 d:- ref:0 ;
in:801 out:798 type:P dur:2 cpbdur:2 q:26.60 aq:22.18 tex:1382595 mv:58694 misc:3583 imb:364 pmb:13430 smb:606 d:s ref:0 ;
in:799 out:799 type:B dur:2 cpbdur:2 q:26.61 aq:25.77 tex:168331 mv:44744 misc:12701 imb:12 pmb:6973 smb:7415 d:s ref:0 ;
in:798 out:800 type:b dur:2 cpbdur:2 q:26.61 aq:28.28 tex:24480 mv:21737 misc:9559 imb:4 pmb:2710 smb:11686 d:s ref:0 ;
in:800 out:801 type:b dur:2 cpbdur:2 q:26.60 aq:28.35 tex:12937 mv:14951 misc:7128 imb:1 pmb:1687 smb:12712 d:- ref:0 ;
in:805 out:802 type:P dur:2 cpbdur:2 q:26.58 aq:22.42 tex:1291322 mv:58510 misc:4576 imb:359 pmb:13080 smb:961 d:s ref:0 ;
in:803 out:803 type:B dur:2 cpbdur:2 q:26.59 aq:25.80 tex:120893 mv:41446 misc:12973 imb:8 pmb:5827 smb:8565 d:s ref:0 ;
in:802 out:804 type:b dur:2 cpbdur:2 q:26.59 aq:27.75 tex:49778 mv:24855 misc:10631 imb:5 pmb:3699 smb:10696 d:s ref:0 ;
in:804 out:805 type:b dur:2 cpbdur:2 q:26.58 aq:27.75 tex:28773 mv:21487 misc:10172 imb:9 pmb:3098 smb:11293 d:- ref:0 ;
in:809 out:806 type:P dur:2 cpbdur:2 q:26.58 aq:23.27 tex:1061175 mv:56200 misc:5513 imb:238 pmb:12826 smb:1336 d:s ref:0 ;
in:807 out:807 type:B dur:2 cpbdur:2 q:26.58 aq:25.84 tex:122617 mv:39920 misc:12935 imb:12 pmb:5794 smb:8594 d:s ref:0 ;
in:806 out:808 type:b dur:2 cpbdur:2 q:26.58 aq:28.02 tex:27055 mv:24377 misc:10144 imb:4 pmb:2939 smb:11457 d:s ref:0 ;
in:808 out:809 type:b dur:2 cpbdur:2 q:26.58 aq:28.05 tex:18356 mv:15927 misc:8397 imb:0 pmb:2171 smb:12229 d:- ref:0 ;
in:813 out:810 type:P dur:2 cpbdur:2 q:26.55 aq:24.98 tex:734769 mv:51788 misc:8371 imb:276 pmb:10995 smb:3129 d:s ref:0 ;
in:811 out:811 type:B dur:2 cpbdur:2 q:26.57 aq:25.48 tex:192245 mv:46264 misc:12883 imb:13 pmb:7491 smb:6896 d:s ref:0 ;
in:810 out:812 type:b dur:2 cpbdur:2 q:26.58 aq:27.51 tex:44154 mv:24010 misc:10668 imb:5 pmb:3552 smb:10843 d:s ref:0 ;
in:812 out:813 type:b dur:2 cpbdur:2 q:26.56 aq:27.46 tex:42025 mv:19891 misc:10476 imb:2 pmb:3344 smb:11054 d:- ref:0 ;
in:815 out:814 type:P dur:2 cpbdur:2 q:26.50 aq:27.64 tex:263365 mv:35502 misc:11189 imb:79 pmb:8109 smb:6212 d:s ref:0 ;
in:814 out:815 type:b dur:2 cpbdur:2 q:26.53 aq:27.87 tex:59527 mv:25655 misc:11754 imb:2 pmb:4205 smb:10193 d:s ref:0 ;
in:816 out:816 type:I dur:2 cpbdur:2 q:23.65 aq:16.48 tex:2668591 mv:523978 misc:567 imb:14400 pmb:0 smb:0 d:s ref:;
in:820 out:817 type:P dur:2 cpbdur:2 q:26.62 aq:19.63 tex:484490 mv:59189 misc:10249 imb:606 pmb:9654 smb:4140 d:s ref:0 ;
in:818 out:818 type:B dur:2 cpbdur:2 q:26.62 aq:22.43 tex:81785 mv:34159 misc:10568 imb:89 pmb:3479 smb:10832 d:s ref:0 ;
in:817 out:819 type:b dur:2 cpbdur:2 q:26.62 aq:24.88 tex:39544 mv:19129 misc:7887 imb:37 pmb:2249 smb:12114 d:s ref:0 ;
in:819 out:820 type:b dur:2 cpbdur:2 q:26.62 aq:24.00 tex:31920 mv:15876 misc:6492 imb:44 pmb:1684 smb:12672 d:- ref:0 ;
in:824 out:821 type:P dur:2 cpbdur:2 q:26.54 aq:19.54 tex:688551 mv:78016 misc:6385 imb:1540 pmb:10831 smb:2029 d:s ref:0 ;
in:822 out:822 type:B dur:2 cpbdur:2 q:26.58 aq:22.12 tex:88661 mv:36905 misc:11906 imb:102 pmb:4161 smb:10137 d:s ref:0 ;
in:821 out:823 type:b dur:2 cpbdur:2 q:26.60 aq:23.63 tex:41252 mv:20464 misc:7772 imb:52 pmb:2095 smb:12253 d:s ref:0 ;
in:823 out:824 type:b dur:2 cpbdur:2 q:26.56 aq:23.21 tex:43368 mv:20491 misc:9781 imb:73 pmb:2863 smb:11464 d:- ref:0 ;
in:828 out:825 type:P dur:2 cpbdur:2 q:26.45 aq:19.59 tex:784219 mv:80207 misc:5366 imb:1671 pmb:11134 smb:1595 d:s ref:0 ;
in:826 out:826 type:B dur:2 cpbdur:2 q:26.50 aq:22.11 tex:106975 mv:43534 misc:13363 imb:118 pmb:5648 smb:8634 d:s ref:0 ;
in:825 out:827 type:b dur:2 cpbdur:2 q:26.52 aq:23.00 tex:54811 mv:25334 misc:10703 imb:66 pmb:3291 smb:11043 d:s ref:0 ;
in:827 out:828 type:b dur:2 cpbdur:2 q:26.48 aq:23.72 tex:31972 mv:14786 misc:6906 imb:32 pmb:1688 smb:12680 d:- ref:0 ;
in:832 out:829 type:P dur:2 cpbdur:2 q:26.36 aq:19.32 tex:759188 mv:80746 misc:5578 imb:1797 pmb:11043 smb:1560 d:s ref:0 ;
in:830 out:830 type:B dur:2 cpbdur:2 q:26.41 aq:21.66 tex:102061 mv:40612 misc:12759 imb:119 pmb:4974 smb:9307 d:s ref:0 ;
in:829 out:831 type:b dur:2 cpbdur:2 q:26.43 aq:23.50 tex:44331 mv:21903 misc:8294 imb:66 pmb:2260 smb:12074 d:s ref:0 ;
in:831 out:832 type:b dur:2 cpbdur:2 q:26.38 aq:22.91 tex:49586 mv:22563 misc:10635 imb:64 pmb:3311 smb:11025 d:- ref:0 ;
in:836 out:833 type:P dur:2 cpbdur:2 q:26.35 aq:19.35 tex:779501 mv:80698 misc:5409 imb:1634 pmb:11128 smb:1638 d:s ref:0 ;
in:834 out:834 type:B dur:2 cpbdur:2 q:26.35 aq:21.63 tex:126361 mv:45142 misc:13553 imb:142 pmb:6275 smb:7983 d:s ref:0 ;
in:833 out:835 type:b dur:2 cpbdur:2 q:26.35 aq:23.20 tex:54247 mv:24445 misc:10076 imb:64 pmb:2976 smb:11360 d:s ref:0 ;
in:835 out:836 type:b dur:2 cpbdur:2 q:26.35 aq:23.40 tex:33122 mv:15507 misc:6827 imb:46 pmb:1673 smb:12681 d:- ref:0 ;
in:840 out:837 type:P dur:2 cpbdur:2 q:26.25 aq:19.21 tex:767503 mv:80800 misc:5465 imb:1713 pmb:11175 smb:1512 d:s ref:0 ;
in:838 out:838 type:B dur:2 cpbdur:2 q:26.30 aq:21.61 tex:99452 mv:40071 misc:12821 imb:119 pmb:4858 smb:9423 d:s ref:0 ;
in:837 out:839 type:b dur:2 cpbdur:2 q:26.32 aq:23.12 tex:46561 mv:23820 misc:9075 imb:61 pmb:2512 smb:11827 d:s ref:0 ;
in:839 out:840 type:b dur:2 cpbdur:2 q:26.27 aq:22.77 tex:47819 mv:21677 misc:10280 imb:49 pmb:3137 smb:11214 d:- ref:0 ;
in:844 out:841 type:P dur:2 cpbdur:2 q:26.18 aq:19.30 tex:795018 mv:79969 misc:5549 imb:1604 pmb:11211 smb:1585 d:s ref:0 ;
in:842 out:842 type:B dur:2 cpbdur:2 q:26.21 aq:21.79 tex:102768 mv:42153 misc:13287 imb:140 pmb:5542 smb:8718 d:s ref:0 ;
in:841 out:843 type:b dur:2 cpbdur:2 q:26.23 aq:22.62 tex:59245 mv:27739 misc:11552 imb:85 pmb:3721 smb:10594 d:s ref:0 ;
in:843 out:844 type:b dur:2 cpbdur:2 q:26.20 aq:22.86 tex:30835 mv:16472 misc:7477 imb:42 pmb:1875 smb:12483 d:- ref:0 ;
in:848 out:845 type:P dur:2 cpbdur:2 q:26.12 aq:19.06 tex:778062 mv:80803 misc:5327 imb:1762 pmb:11138 smb:1500 d:s ref:0 ;
in:846 out:846 type:B dur:2 cpbdur:2 q:26.15 aq:21.21 tex:102244 mv:41304 misc:13284 imb:145 pmb:5355 smb:8900 d:s ref:0 ;
in:845 out:847 type:b dur:2 cpbdur:2 q:26.16 aq:22.85 tex:44484 mv:22287 misc:8725 imb:72 pmb:2397 smb:11931 d:s ref:0 ;
in:847 out:848 type:b dur:2 cpbdur:2 q:26.13 aq:22.56 tex:50765 mv:23604 misc:11343 imb:76 pmb:3649 smb:10675 d:- ref:0 ;
in:852 out:849 type:P dur:2 cpbdur:2 q:26.06 aq:19.06 tex:812297 mv:81022 misc:5281 imb:1657 pmb:11209 smb:1534 d:s ref:0 ;
in:850 out:850 type:B dur:2 cpbdur:2 q:26.09 aq:21.43 tex:124624 mv:47666 misc:13774 imb:186 pmb:6927 smb:7287 d:s ref:0 ;
in:849 out:851 type:b dur:2 cpbdur:2 q:26.10 aq:22.66 tex:52863 mv:25734 misc:10507 imb:97 pmb:3098 smb:11205 d:s ref:0 ;
in:851 out:852 type:b dur:2 cpbdur:2 q:26.07 aq:23.35 tex:27524 mv:14459 misc:6873 imb:37 pmb:1693 smb:12670 d:- ref:0 ;
in:856 out:853 type:P dur:2 cpbdur:2 q:26.01 aq:19.05 tex:724973 mv:77563 misc:5904 imb:1572 pmb:11088 smb:1740 d:s ref:0 ;
in:854 out:854 type:B dur:2 cpbdur:2 q:26.03 aq:21.36 tex:98258 mv:39978 misc:13036 imb:169 pmb:4996 smb:9235 d:s ref:0 ;
in:853 out:855 type:b dur:2 cpbdur:2 q:26.05 aq:22.78 tex:44900 mv:24101 misc:9423 imb:84 pmb:2643 smb:11673 d:s ref:0 ;
in:855 out:856 type:b dur:2 cpbdur:2 q:26.02 aq:22.57 tex:45615 mv:21543 misc:10922 imb:60 pmb:3424 smb:10916 d:- ref:0 ;
in:860 out:857 type:P dur:2 cpbdur:2 q:25.94 aq:19.19 tex:789323 mv:79940 misc:5497 imb:1631 pmb:11160 smb:1609 d:s ref:0 ;
in:858 out:858 type:B dur:2 cpbdur:2 q:25.98 aq:21.40 tex:108256 mv:42644 misc:13492 imb:158 pmb:5783 smb:8459 d:s ref:0 ;
in:857 out:859 type:b dur:2 cpbdur:2 q:25.99 aq:22.41 tex:61468 mv:29842 misc:12034 imb:95 pmb:4114 smb:10191 d:s ref:0 ;
in:859 out:860 type:b dur:2 cpbdur:2 q:25.96 aq:23.01 tex:32471 mv:15921 misc:7520 imb:38 pmb:1903 smb:12459 d:- ref:0 ;
in:864 out:861 type:P dur:2 cpbdur:2 q:25.88 aq:19.30 tex:794878 mv:80049 misc:5481 imb:1689 pmb:11162 smb:1549 d:s ref:0 ;
in:862 out:862 type:B dur:2 cpbdur:2 q:25.91 aq:21.22 tex:112783 mv:44104 misc:13697 imb:117 pmb:6043 smb:8240 d:s ref:0 ;
in:861 out:863 type:b dur:2 cpbdur:2 q:25.93 aq:23.06 tex:42101 mv:21991 misc:8836 imb:53 pmb:2395 smb:11952 d:s ref:0 ;
in:863 out:864 type:b dur:2 cpbdur:2 q:25.90 aq:22.46 tex:48757 mv:23785 misc:11474 imb:45 pmb:3704 smb:10651 d:- ref:0 ;
in:868 out:865 type:P dur:2 cpbdur:2 q:25.84 aq:19.17 tex:933341 mv:83495 misc:4564 imb:1912 pmb:11303 smb:1185 d:s ref:0 ;
in:866 out:866 type:B dur:2 cpbdur:2 q:25.86 aq:20.88 tex:136624 mv:46761 misc:13815 imb:127 pmb:6724 smb:7549 d:s ref:0 ;
in:865 out:867 type:b dur:2 cpbdur:2 q:25.87 aq:22.44 tex:83961 mv:34909 misc:13170 imb:95 pmb:5162 smb:9143 d:s ref:0 ;
in:867 out:868 type:b dur:2 cpbdur:2 q:25.85 aq:22.75 tex:34068 mv:17088 misc:7716 imb:39 pmb:1959 smb:12402 d:- ref:0 ;
in:872 out:869 type:P dur:2 cpbdur:2 q:25.78 aq:18.81 tex:833551 mv:82083 misc:5102 imb:1936 pmb:11012 smb:1452 d:s ref:0 ;
in:870 out:870 type:B dur:2 cpbdur:2 q:25.81 aq:20.90 tex:119310 mv:43569 misc:13289 imb:129 pmb:5687 smb:8584 d:s ref:0 ;
in:869 out:871 type:b dur:2 cpbdur:2 q:25.83 aq:22.73 tex:46444 mv:23422 misc:9030 imb:58 pmb:2510 smb:11832 d:s ref:0 ;
in:871 out:872 type:b dur:2 cpbdur:2 q:25.79 aq:22.15 tex:65379 mv:27885 misc:12352 imb:74 pmb:4539 smb:9787 d:- ref:0 ;
in:876 out:873 type:P dur:2 cpbdur:2 q:25.74 aq:18.82 tex:833059 mv:83459 misc:5210 imb:1812 pmb:11202 smb:1386 d:s ref:0 ;
in:874 out:874 type:B dur:2 cpbdur:2 q:25.76 aq:21.09 tex:169523 mv:53469 misc:13456 imb:187 pmb:8114 smb:6099 d:s ref:0 ;
in:873 out:875 type:b dur:2 cpbdur:2 q:25.77 aq:22.25 tex:60285 mv:26433 misc:10794 imb:72 pmb:3292 smb:11036 d:s ref:0 ;
in:875 out:876 type:b dur:2 cpbdur:2 q:25.75 aq:22.35 tex:38642 mv:17437 misc:8105 imb:48 pmb:2091 smb:12261 d:- ref:0 ;
in:880 out:877 type:P dur:2 cpbdur:2 q:25.68 aq:18.84 tex:799283 mv:81883 misc:5522 imb:1801 pmb:11025 smb:1574 d:s ref:0 ;
in:878 out:878 type:B dur:2 cpbdur:2 q:25.71 aq:20.92 tex:115639 mv:45932 misc:13661 imb:159 pmb:5853 smb:8388 d:s ref:0 ;
in:877 out:879 type:b dur:2 cpbdur:2 q:25.73 aq:22.50 tex:57601 mv:26931 misc:10484 imb:82 pmb:3117 smb:11201 d:s ref:0 ;
in:879 out:880 type:b dur:2 cpbdur:2 q:25.70 aq:22.27 tex:57202 mv:23985 misc:11381 imb:61 pmb:3726 smb:10613 d:- ref:0 ;
in:884 out:881 type:P dur:2 cpbdur:2 q:25.62 aq:18.95 tex:912900 mv:85319 misc:4757 imb:1996 pmb:11140 smb:1264 d:s ref:0 ;
in:882 out:882 type:B dur:2 cpbdur:2 q:25.65 aq:21.09 tex:126206 mv:45374 misc:13524 imb:187 pmb:5908 smb:8305 d:s ref:0 ;
in:881 out:883 type:b dur:2 cpbdur:2 q:25.67 aq:22.21 tex:84990 mv:34935 misc:13299 imb:111 pmb:5412 smb:8877 d:s ref:0 ;
in:883 out:884 type:b dur:2 cpbdur:2 q:25.64 aq:22.37 tex:44343 mv:19008 misc:8729 imb:57 pmb:2318 smb:12025 d:- ref:0 ;
in:888 out:885 type:P dur:2 cpbdur:2 q:25.57 aq:18.66 tex:861760 mv:85124 misc:5028 imb:2069 pmb:11044 smb:1287 d:s ref:0 ;
in:886 out:886 type:B dur:2 cpbdur:2 q:25.59 aq:20.66 tex:142499 mv:49410 misc:13947 imb:205 pmb:6654 smb:7541 d:s ref:0 ;
in:885 out:887 type:b dur:2 cpbdur:2 q:25.61 aq:22.37 tex:59068 mv:25322 misc:9898 imb:91 pmb:2917 smb:11392 d:s ref:0 ;
in:887 out:888 type:b dur:2 cpbdur:2 q:25.58 aq:22.03 tex:77842 mv:29030 misc:12936 imb:89 pmb:4956 smb:9355 d:- ref:0 ;
in:892 out:889 type:P dur:2 cpbdur:2 q:25.50 aq:18.76 tex:875582 mv:84483 misc:5031 imb:1837 pmb:11276 smb:1287 d:s ref:0 ;
in:890 out:890 type:B dur:2 cpbdur:2 q:25.53 aq:20.96 tex:140577 mv:48529 misc:13966 imb:184 pmb:6640 smb:7576 d:s ref:0 ;
in:889 out:891 type:b dur:2 cpbdur:2 q:25.55 aq:21.89 tex:84910 mv:33878 misc:12860 imb:113 pmb:4758 smb:9529 d:s ref:0 ;
in:891 out:892 type:b dur:2 cpbdur:2 q:25.51 aq:22.46 tex:49795 mv:19688 misc:8757 imb:61 pmb:2369 smb:11970 d:- ref:0 ;
in:896 out:893 type:P dur:2 cpbdur:2 q:25.44 aq:18.56 tex:827689 mv:84994 misc:5197 imb:1968 pmb:11019 smb:1413 d:s ref:0 ;
in:894 out:894 type:B dur:2 cpbdur:2 q:25.47 aq:20.51 tex:144382 mv:50605 misc:13765 imb:169 pmb:6465 smb:7766 d:s ref:0 ;
in:893 out:895 type:b dur:2 cpbdur:2 q:25.48 aq:21.98 tex:61612 mv:26441 misc:10107 imb:63 pmb:2989 smb:11348 d:s ref:0 ;
in:895 out:896 type:b dur:2 cpbdur:2 q:25.46 aq:21.88 tex:80478 mv:30785 misc:12849 imb:73 pmb:5015 smb:9312 d:- ref:0 ;
in:900 out:897 type:P dur:2 cpbdur:2 q:25.40 aq:18.56 tex:881267 mv:86554 misc:4739 imb:2003 pmb:11165 smb:1232 d:s ref:0 ;
in:898 out:898 type:B dur:2 cpbdur:2 q:25.42 aq:20.68 tex:182161 mv:57141 misc:13642 imb:195 pmb:8225 smb:5980 d:s ref:0 ;
in:897 out:899 type:b dur:2 cpbdur:2 q:25.43 aq:21.83 tex:81716 mv:33257 misc:12347 imb:112 pmb:4374 smb:9914 d:s ref:0 ;
in:899 out:900 type:b dur:2 cpbdur:2 q:25.41 aq:22.02 tex:53890 mv:20404 misc:8946 imb:71 pmb:2459 smb:11870 d:- ref:0 ;
in:904 out:901 type:P dur:2 cpbdur:2 q:25.35 aq:18.71 tex:771717 mv:84023 misc:5492 imb:1786 pmb:11193 smb:1421 d:s ref:0 ;
in:902 out:902 type:B dur:2 cpbdur:2 q:25.37 aq:20.64 tex:181245 mv:53851 misc:13880 imb:206 pmb:7597 smb:6597 d:s ref:0 ;
in:901 out:903 type:b dur:2 cpbdur:2 q:25.39 aq:22.13 tex:54254 mv:20430 misc:9012 imb:46 pmb:2487 smb:11867 d:s ref:0 ;
in:903 out:904 type:b dur:2 cpbdur:2 q:25.36 aq:21.88 tex:91359 mv:35151 misc:13090 imb:89 pmb:5052 smb:9259 d:- ref:0 ;
in:908 out:905 type:P dur:2 cpbdur:2 q:25.30 aq:19.10 tex:757505 mv:85684 misc:5635 imb:1900 pmb:11060 smb:1440 d:s ref:0 ;
in:906 out:906 type:B dur:2 cpbdur:2 q:25.33 aq:20.67 tex:135221 mv:45007 misc:13132 imb:147 pmb:5191 smb:9062 d:s ref:0 ;
in:905 out:907 type:b dur:2 cpbdur:2 q:25.34 aq:21.60 tex:86503 mv:32413 misc:13100 imb:83 pmb:5338 smb:8979 d:s ref:0 ;
in:907 out:908 type:b dur:2 cpbdur:2 q:25.32 aq:21.82 tex:75368 mv:30654 misc:11794 imb:77 pmb:4026 smb:10297 d:- ref:0 ;
in:912 out:909 type:P dur:2 cpbdur:2 q:25.25 aq:19.69 tex:630513 mv:85747 misc:6676 imb:2137 pmb:10462 smb:1801 d:s ref:0 ;
in:910 out:910 type:B dur:2 cpbdur:2 q:25.28 aq:20.53 tex:223775 mv:58629 misc:12980 imb:167 pmb:8491 smb:5742 d:s ref:0 ;
in:909 out:911 type:b dur:2 cpbdur:2 q:25.29 aq:21.78 tex:60485 mv:22786 misc:9689 imb:71 pmb:2834 smb:11495 d:s ref:0 ;
in:911 out:912 type:b dur:2 cpbdur:2 q:25.26 aq:21.73 tex:110153 mv:39934 misc:13881 imb:127 pmb:6147 smb:8126 d:- ref:0 ;
in:914 out:913 type:P dur:2 cpbdur:2 q:25.19 aq:21.06 tex:204410 mv:41749 misc:13473 imb:640 pmb:6210 smb:7550 d:s ref:0 ;
in:913 out:914 type:b dur:2 cpbdur:2 q:25.22 aq:21.87 tex:109249 mv:28930 misc:12861 imb:72 pmb:5149 smb:9179 d:t ref:0 ;
in:915 out:915 type:I dur:2 cpbdur:2 q:22.56 aq:16.86 tex:6499028 mv:575903 misc:549 imb:14400 pmb:0 smb:0 d:s ref:;
in:919 out:916 type:P dur:2 cpbdur:2 q:25.83 aq:20.52 tex:1276500 mv:44295 misc:6693 imb:186 pmb:11959 smb:2255 d:s ref:0 ;
in:917 out:917 type:B dur:2 cpbdur:2 q:25.83 aq:26.54 tex:102151 mv:30543 misc:11978 imb:18 pmb:4445 smb:9937 d:s ref:0 ;
in:916 out:918 type:b dur:2 cpbdur:2 q:25.83 aq:27.78 tex:29573 mv:16023 misc:8828 imb:7 pmb:2408 smb:11985 d:s ref:0 ;
in:918 out:919 type:b dur:2 cpbdur:2 q:25.83 aq:28.35 tex:52042 mv:22925 misc:10305 imb:16 pmb:3217 smb:11167 d:- ref:0 ;
in:923 out:920 type:P dur:2 cpbdur:2 q:25.83 aq:20.42 tex:1607586 mv:49483 misc:4811 imb:347 pmb:12717 smb:1336 d:s ref:0 ;
in:921 out:921 type:B dur:2 cpbdur:2 q:25.83 aq:25.97 tex:141229 mv:32712 misc:12443 imb:32 pmb:4983 smb:9385 d:s ref:0 ;
in:920 out:922 type:b dur:2 cpbdur:2 q:25.83 aq:28.33 tex:32679 mv:19240 misc:9817 imb:14 pmb:2752 smb:11634 d:s ref:0 ;
in:922 out:923 type:b dur:2 cpbdur:2 q:25.83 aq:28.27 tex:39093 mv:20834 misc:9985 imb:12 pmb:2956 smb:11432 d:- ref:0 ;
in:927 out:924 type:P dur:2 cpbdur:2 q:25.83 aq:20.38 tex:1747450 mv:50955 misc:4019 imb:391 pmb:12943 smb:1066 d:s ref:0 ;
in:925 out:925 type:B dur:2 cpbdur:2 q:25.83 aq:26.14 tex:120632 mv:33199 misc:12185 imb:17 pmb:4665 smb:9718 d:s ref:0 ;
in:924 out:926 type:b dur:2 cpbdur:2 q:25.83 aq:27.67 tex:43661 mv:20059 misc:10312 imb:17 pmb:3067 smb:11316 d:s ref:0 ;
in:926 out:927 type:b dur:2 cpbdur:2 q:25.83 aq:27.79 tex:51797 mv:20445 misc:9790 imb:17 pmb:2914 smb:11469 d:- ref:0 ;
in:931 out:928 type:P dur:2 cpbdur:2 q:25.82 aq:20.42 tex:1621922 mv:50651 misc:4275 imb:459 pmb:12888 smb:1053 d:s ref:0 ;
in:929 out:929 type:B dur:2 cpbdur:2 q:25.82 aq:25.85 tex:136792 mv:35125 misc:12635 imb:17 pmb:5048 smb:9335 d:s ref:0 ;
in:928 out:930 type:b dur:2 cpbdur:2 q:25.83 aq:27.88 tex:34738 mv:18147 misc:9371 imb:9 pmb:2618 smb:11773 d:s ref:0 ;
in:930 out:931 type:b dur:2 cpbdur:2 q:25.82 aq:28.14 tex:47554 mv:22666 misc:10244 imb:16 pmb:3168 smb:11216 d:- ref:0 ;
in:935 out:932 type:P dur:2 cpbdur:2 q:25.71 aq:20.30 tex:1864408 mv:54819 misc:3037 imb:501 pmb:13124 smb:775 d:s ref:0 ;
in:933 out:933 type:B dur:2 cpbdur:2 q:25.77 aq:25.45 tex:151911 mv:36813 misc:12892 imb:42 pmb:5408 smb:8950 d:s ref:0 ;
in:932 out:934 type:b dur:2 cpbdur:2 q:25.79 aq:27.95 tex:40667 mv:18199 misc:9934 imb:13 pmb:2811 smb:11576 d:s ref:0 ;
in:934 out:935 type:b dur:2 cpbdur:2 q:25.74 aq:27.55 tex:57645 mv:23658 misc:10905 imb:31 pmb:3491 smb:10878 d:- ref:0 ;
in:939 out:936 type:P dur:2 cpbdur:2 q:25.72 aq:20.24 tex:1980265 mv:56492 misc:2563 imb:636 pmb:13213 smb:551 d:s ref:0 ;
in:937 out:937 type:B dur:2 cpbdur:2 q:25.72 aq:25.28 tex:168969 mv:40697 misc:13598 imb:80 pmb:6101 smb:8219 d:s ref:0 ;
in:936 out:938 type:b dur:2 cpbdur:2 q:25.71 aq:27.21 tex:44651 mv:21065 misc:10652 imb:38 pmb:3213 smb:11149 d:s ref:0 ;
in:938 out:939 type:b dur:2 cpbdur:2 q:25.72 aq:27.72 tex:50780 mv:23899 misc:10697 imb:33 pmb:3290 smb:11077 d:- ref:0 ;
in:943 out:940 type:P dur:2 cpbdur:2 q:25.77 aq:20.27 tex:1883271 mv:55471 misc:2690 imb:654 pmb:13214 smb:532 d:s ref:0 ;
in:941 out:941 type:B dur:2 cpbdur:2 q:25.75 aq:25.69 tex:131061 mv:37382 misc:12885 imb:59 pmb:5138 smb:9203 d:s ref:0 ;
in:940 out:942 type:b dur:2 cpbdur:2 q:25.74 aq:27.34 tex:53645 mv:21699 misc:11136 imb:35 pmb:3524 smb:10841 d:s ref:0 ;
in:942 out:943 type:b dur:2 cpbdur:2 q:25.76 aq:27.50 tex:51979 mv:22601 misc:10460 imb:34 pmb:3154 smb:11212 d:- ref:0 ;
in:947 out:944 type:P dur:2 cpbdur:2 q:25.83 aq:20.35 tex:1735577 mv:55127 misc:2904 imb:709 pmb:13133 smb:558 d:s ref:0 ;
in:945 out:945 type:B dur:2 cpbdur:2 q:25.80 aq:25.35 tex:166363 mv:41752 misc:13717 imb:71 pmb:6132 smb:8197 d:s ref:0 ;
in:944 out:946 type:b dur:2 cpbdur:2 q:25.78 aq:27.99 tex:36268 mv:19748 misc:10064 imb:14 pmb:2787 smb:11599 d:s ref:0 ;
in:946 out:947 type:b dur:2 cpbdur:2 q:25.81 aq:27.95 tex:49932 mv:23702 misc:10998 imb:21 pmb:3376 smb:11003 d:- ref:0 ;
in:951 out:948 type:P dur:2 cpbdur:2 q:25.87 aq:20.31 tex:1962198 mv:59937 misc:2089 imb:800 pmb:13164 smb:436 d:s ref:0 ;
in:949 out:949 type:B dur:2 cpbdur:2 q:25.85 aq:25.58 tex:134534 mv:38275 misc:12927 imb:46 pmb:5256 smb:9098 d:s ref:0 ;
in:948 out:950 type:b dur:2 cpbdur:2 q:25.84 aq:27.39 tex:42647 mv:18915 misc:9918 imb:23 pmb:2842 smb:11535 d:s ref:0 ;
in:950 out:951 type:b dur:2 cpbdur:2 q:25.86 aq:27.27 tex:60295 mv:23778 misc:11095 imb:27 pmb:3574 smb:10799 d:- ref:0 ;
in:955 out:952 type:P dur:2 cpbdur:2 q:25.94 aq:20.43 tex:1651971 mv:53916 misc:3609 imb:604 pmb:13034 smb:762 d:s ref:0 ;
in:953 out:953 type:B dur:2 cpbdur:2 q:25.91 aq:25.40 tex:153059 mv:39521 misc:13588 imb:45 pmb:6119 smb:8236 d:s ref:0 ;
in:952 out:954 type:b dur:2 cpbdur:2 q:25.89 aq:27.57 tex:37729 mv:19284 misc:10067 imb:27 pmb:2829 smb:11544 d:s ref:0 ;
in:954 out:955 type:b dur:2 cpbdur:2 q:25.93 aq:27.79 tex:50252 mv:23386 misc:10826 imb:19 pmb:3344 smb:11037 d:- ref:0 ;
in:959 out:956 type:P dur:2 cpbdur:2 q:25.98 aq:20.34 tex:1690777 mv:55461 misc:2898 imb:1156 pmb:12880 smb:364 d:s ref:0 w:0,1,-1 ;
in:957 out:957 type:B dur:2 cpbdur:2 q:25.96 aq:26.00 tex:126206 mv:34748 misc:12470 imb:29 pmb:4811 smb:9560 d:s ref:0 ;
in:956 out:958 type:b dur:2 cpbdur:2 q:25.95 aq:27.88 tex:47129 mv:21968 misc:10703 imb:18 pmb:3224 smb:11158 d:s ref:0 ;
in:958 out:959 type:b dur:2 cpbdur:2 q:25.97 aq:28.01 tex:48409 mv:22043 misc:10076 imb:17 pmb:2948 smb:11435 d:- ref:0 ;
in:963 out:960 type:P dur:2 cpbdur:2 q:26.03 aq:20.38 tex:1684009 mv:55043 misc:3404 imb:605 pmb:13036 smb:759 d:s ref:0 ;
in:961 out:961 type:B dur:2 cpbdur:2 q:26.00 aq:25.42 tex:146539 mv:37642 misc:13347 imb:44 pmb:5482 smb:8874 d:s ref:0 ;
in:960 out:962 type:b dur:2 cpbdur:2 q:25.99 aq:28.24 tex:34675 mv:18599 misc:9590 imb:19 pmb:2656 smb:11725 d:s ref:0 ;
in:962 out:963 type:b dur:2 cpbdur:2 q:26.02 aq:27.49 tex:43927 mv:22600 misc:10505 imb:32 pmb:3142 smb:11226 d:- ref:0 ;
in:967 out:964 type:P dur:2 cpbdur:2 q:26.07 aq:20.59 tex:1701220 mv:53144 misc:3492 imb:388 pmb:13015 smb:997 d:s ref:0 ;
in:965 out:965 type:B dur:2 cpbdur:2 q:26.05 aq:25.96 tex:123127 mv:34988 misc:12525 imb:39 pmb:4882 smb:9479 d:s ref:0 ;
in:964 out:966 type:b dur:2 cpbdur:2 q:26.04 aq:27.97 tex:43377 mv:20323 misc:10308 imb:20 pmb:3031 smb:11349 d:s ref:0 ;
in:966 out:967 type:b dur:2 cpbdur:2 q:26.06 aq:27.79 tex:55680 mv:23058 misc:10726 imb:26 pmb:3296 smb:11078 d:- ref:0 ;
in:971 out:968 type:P dur:2 cpbdur:2 q:26.09 aq:20.47 tex:1641470 mv:55231 misc:3555 imb:639 pmb:12948 smb:813 d:s ref:0 ;
in:969 out:969 type:B dur:2 cpbdur:2 q:26.08 aq:25.53 tex:140931 mv:39573 misc:13424 imb:72 pmb:5612 smb:8716 d:s ref:0 ;
in:968 out:970 type:b dur:2 cpbdur:2 q:26.08 aq:28.30 tex:35244 mv:20682 misc:10362 imb:14 pmb:3015 smb:11371 d:s ref:0 ;
in:970 out:971 type:b dur:2 cpbdur:2 q:26.09 aq:27.97 tex:46871 mv:25059 misc:10886 imb:27 pmb:3343 smb:11030 d:- ref:0 ;
in:975 out:972 type:P dur:2 cpbdur:2 q:26.20 aq:20.41 tex:1623883 mv:56262 misc:2663 imb:1232 pmb:12858 smb:310 d:s ref:0 w:0,1,-1 ;
in:973 out:973 type:B dur:2 cpbdur:2 q:26.14 aq:25.97 tex:111089 mv:33915 misc:12012 imb:42 pmb:4377 smb:9981 d:s ref:0 ;
in:972 out:974 type:b dur:2 cpbdur:2 q:26.12 aq:27.97 tex:41225 mv:20270 misc:10305 imb:19 pmb:2937 smb:11444 d:s ref:0 ;
in:974 out:975 type:b dur:2 cpbdur:2 q:26.17 aq:28.14 tex:53509 mv:24556 misc:10487 imb:36 pmb:3232 smb:11132 d:- ref:0 ;
in:979 out:976 type:P dur:2 cpbdur:2 q:26.22 aq:20.59 tex:1533081 mv:53012 misc:4139 imb:480 pmb:12817 smb:1103 d:s ref:0 ;
in:977 out:977 type:B dur:2 cpbdur:2 q:26.21 aq:25.76 tex:138746 mv:37290 misc:12956 imb:45 pmb:5273 smb:9082 d:s ref:0 ;
in:976 out:978 type:b dur:2 cpbdur:2 q:26.20 aq:28.73 tex:30363 mv:19414 misc:9383 imb:14 pmb:2589 smb:11797 d:s ref:0 ;
in:978 out:979 type:b dur:2 cpbdur:2 q:26.21 aq:28.35 tex:45595 mv:22118 misc:10135 imb:31 pmb:3023 smb:11346 d:- ref:0 ;
in:983 out:980 type:P dur:2 cpbdur:2 q:26.23 aq:20.60 tex:1693959 mv:56798 misc:3171 imb:574 pmb:12994 smb:832 d:s ref:0 ;
in:981 out:981 type:B dur:2 cpbdur:2 q:26.22 aq:25.98 tex:125959 mv:36551 misc:12794 imb:53 pmb:5024 smb:9323 d:s ref:0 ;
in:980 out:982 type:b dur:2 cpbdur:2 q:26.22 aq:28.82 tex:37443 mv:19414 misc:9655 imb:16 pmb:2726 smb:11658 d:s ref:0 ;
in:982 out:983 type:b dur:2 cpbdur:2 q:26.23 aq:28.06 tex:52858 mv:23427 misc:10571 imb:25 pmb:3254 smb:11121 d:- ref:0 ;
in:987 out:984 type:P dur:2 cpbdur:2 q:26.26 aq:20.72 tex:1557222 mv:54924 misc:3902 imb:594 pmb:12895 smb:911 d:s ref:0 ;
in:985 out:985 type:B dur:2 cpbdur:2 q:26.24 aq:25.53 tex:155549 mv:41264 misc:13547 imb:65 pmb:6003 smb:8332 d:s ref:0 ;
in:984 out:986 type:b dur:2 cpbdur:2 q:26.24 aq:28.49 tex:35406 mv:19579 misc:9695 imb:12 pmb:2697 smb:11691 d:s ref:0 ;
in:986 out:987 type:b dur:2 cpbdur:2 q:26.25 aq:28.40 tex:42906 mv:23833 misc:10541 imb:24 pmb:3148 smb:11228 d:- ref:0 ;
in:991 out:988 type:P dur:2 cpbdur:2 q:26.17 aq:20.83 tex:1588163 mv:53934 misc:3487 imb:431 pmb:12920 smb:1049 d:s ref:0 ;
in:989 out:989 type:B dur:2 cpbdur:2 q:26.21 aq:25.92 tex:112022 mv:35038 misc:12468 imb:35 pmb:4708 smb:9657 d:s ref:0 ;
in:988 out:990 type:b dur:2 cpbdur:2 q:26.23 aq:27.96 tex:41933 mv:19524 misc:10015 imb:17 pmb:2848 smb:11535 d:s ref:0 ;
in:990 out:991 type:b dur:2 cpbdur:2 q:26.19 aq:27.92 tex:46185 mv:22515 misc:10340 imb:26 pmb:3116 smb:11258 d:- ref:0 ;
in:995 out:992 type:P dur:2 cpbdur:2 q:26.17 aq:20.92 tex:1494512 mv:52176 misc:4240 imb:421 pmb:12774 smb:1205 d:s ref:0 ;
in:993 out:993 type:B dur:2 cpbdur:2 q:26.17 aq:25.99 tex:123088 mv:36171 misc:12685 imb:32 pmb:4961 smb:9407 d:s ref:0 ;
in:992 out:994 type:b dur:2 cpbdur:2 q:26.17 aq:28.51 tex:30771 mv:19038 misc:9519 imb:12 pmb:2615 smb:11773 d:s ref:0 ;
in:994 out:995 type:b dur:2 cpbdur:2 q:26.17 aq:28.52 tex:48824 mv:25864 misc:10800 imb:14 pmb:3387 smb:10999 d:- ref:0 ;
in:999 out:996 type:P dur:2 cpbdur:2 q:26.18 aq:20.87 tex:1670345 mv:58641 misc:2782 imb:810 pmb:12982 smb:608 d:s ref:0 ;
in:997 out:997 type:B dur:2 cpbdur:2 q:26.18 aq:25.68 tex:135691 mv:41267 misc:13498 imb:69 pmb:5636 smb:8695 d:s ref:0 ;
in:996 out:998 type:b dur:2 cpbdur:2 q:26.18 aq:28.34 tex:49104 mv:22700 misc:10908 imb:21 pmb:3301 smb:11078 d:s ref:0 ;
in:998 out:999 type:b dur:2 cpbdur:2 q:26.18 aq:27.59 tex:64608 mv:26597 misc:11899 imb:43 pmb:3961 smb:10396 d:- ref:0 ;
in:1003 out:1000 type:P dur:2 cpbdur:2 q:26.20 aq:21.15 tex:1408764 mv:52315 misc:4569 imb:459 pmb:12607 smb:1334 d:s ref:0 ;
in:1001 out:1001 type:B dur:2 cpbdur:2 q:26.19 aq:25.30 tex:141551 mv:37707 misc:13318 imb:50 pmb:5635 smb:8715 d:s ref:0 ;
in:1000 out:1002 type:b dur:2 cpbdur:2 q:26.19 aq:28.21 tex:29792 mv:18196 misc:9252 imb:27 pmb:2474 smb:11899 d:s ref:0 ;
in:1002 out:1003 type:b dur:2 cpbdur:2 q:26.20 aq:27.97 tex:42688 mv:22870 misc:10170 imb:32 pmb:3022 smb:11346 d:- ref:0 ;
in:1007 out:1004 type:P dur:2 cpbdur:2 q:26.20 aq:21.23 tex:1386334 mv:55701 misc:4197 imb:1257 pmb:12473 smb:670 d:s ref:0 w:0,1,-1 ;
in:1005 out:1005 type:B dur:2 cpbdur:2 q:26.20 aq:25.78 tex:130827 mv:37225 misc:12716 imb:59 pmb:5034 smb:9307 d:s ref:0 ;
in:1004 out:1006 type:b dur:2 cpbdur:2 q:26.20 aq:27.98 tex:39615 mv:19563 misc:10046 imb:18 pmb:2802 smb:11580 d:s ref:0 ;
in:1006 out:1007 type:b dur:2 cpbdur:2 q:26.20 aq:28.29 tex:51711 mv:24168 misc:10537 imb:27 pmb:3181 smb:11192 d:- ref:0 ;
in:1011 out:1008 type:P dur:2 cpbdur:2 q:26.20 aq:21.56 tex:1510500 mv:55904 misc:3260 imb:790 pmb:12941 smb:669 d:s ref:0 ;
in:1009 out:1009 type:B dur:2 cpbdur:2 q:26.20 aq:25.53 tex:199058 mv:41909 misc:13825 imb:74 pmb:6644 smb:7682 d:s ref:0 ;
in:1008 out:1010 type:b dur:2 cpbdur:2 q:26.20 aq:27.70 tex:37344 mv:19169 misc:10175 imb:26 pmb:2861 smb:11513 d:s ref:0 ;
in:1010 out:1011 type:b dur:2 cpbdur:2 q:26.20 aq:28.38 tex:52591 mv:23113 misc:10192 imb:29 pmb:3090 smb:11281 d:- ref:0 ;
in:1015 out:1012 type:P dur:2 cpbdur:2 q:26.21 aq:22.17 tex:1288327 mv:51507 misc:4942 imb:404 pmb:12595 smb:1401 d:s ref:0 ;
in:1013 out:1013 type:B dur:2 cpbdur:2 q:26.20 aq:25.81 tex:122644 mv:34201 misc:12315 imb:45 pmb:4678 smb:9677 d:s ref:0 ;
in:1012 out:1014 type:b dur:2 cpbdur:2 q:26.20 aq:28.04 tex:46005 mv:20352 misc:10691 imb:21 pmb:3209 smb:11170 d:s ref:0 ;
in:1014 out:1015 type:b dur:2 cpbdur:2 q:26.20 aq:28.68 tex:44622 mv:22503 misc:10115 imb:20 pmb:3028 smb:11352 d:- ref:0 ;
in:1019 out:1016 type:P dur:2 cpbdur:2 q:26.19 aq:22.84 tex:999597 mv:54952 misc:6195 imb:669 pmb:12154 smb:1577 d:s ref:0 ;
in:1017 out:1017 type:B dur:2 cpbdur:2 q:26.20 aq:25.79 tex:158623 mv:39942 misc:13515 imb:63 pmb:5804 smb:8533 d:s ref:0 ;
in:1016 out:1018 type:b dur:2 cpbdur:2 q:26.20 aq:28.09 tex:38518 mv:21315 misc:10167 imb:31 pmb:2923 smb:11446 d:s ref:0 ;
in:1018 out:1019 type:b dur:2 cpbdur:2 q:26.19 aq:28.02 tex:56783 mv:28019 misc:11894 imb:34 pmb:3974 smb:10392 d:- ref:0 ;
in:1023 out:1020 type:P dur:2 cpbdur:2 q:26.16 aq:24.54 tex:639753 mv:49344 misc:9767 imb:544 pmb:10757 smb:3099 d:s ref:0 ;
in:1021 out:1021 type:B dur:2 cpbdur:2 q:26.17 aq:25.36 tex:226525 mv:44868 misc:13855 imb:83 pmb:7486 smb:6831 d:s ref:0 ;
in:1020 out:1022 type:b dur:2 cpbdur:2 q:26.18 aq:27.99 tex:53094 mv:22217 misc:11121 imb:25 pmb:3485 smb:10890 d:s ref:0 ;
in:1022 out:1023 type:b dur:2 cpbdur:2 q:26.16 aq:27.60 tex:85190 mv:28101 misc:13005 imb:41 pmb:4943 smb:9416 d:- ref:0 ;
in:1025 out:1024 type:P dur:2 cpbdur:2 q:26.11 aq:27.57 tex:186985 mv:25752 misc:13247 imb:210 pmb:6323 smb:7867 d:s ref:0 ;
in:1024 out:1025 type:b dur:2 cpbdur:2 q:26.13 aq:28.10 tex:59159 mv:22300 misc:11469 imb:33 pmb:3697 smb:10670 d:s ref:0 ;
in:1026 out:1026 type:I dur:2 cpbdur:2 q:23.26 aq:17.50 tex:3957804 mv:415267 misc:1073 imb:14400 pmb:0 smb:0 d:s ref:;
in:1030 out:1027 type:P dur:2 cpbdur:2 q:26.28 aq:20.56 tex:818002 mv:59322 misc:7044 imb:979 pmb:10850 smb:2571 d:s ref:0 ;
in:1028 out:1028 type:B dur:2 cpbdur:2 q:26.28 aq:22.92 tex:72441 mv:43121 misc:13014 imb:100 pmb:5338 smb:8962 d:s ref:0 ;
in:1027 out:1029 type:b dur:2 cpbdur:2 q:26.28 aq:25.07 tex:14793 mv:24182 misc:9873 imb:20 pmb:2856 smb:11524 d:s ref:0 ;
in:1029 out:1030 type:b dur:2 cpbdur:2 q:26.28 aq:24.91 tex:23134 mv:21730 misc:10392 imb:25 pmb:3128 smb:11247 d:- ref:0 ;
in:1034 out:1031 type:P dur:2 cpbdur:2 q:26.22 aq:20.68 tex:1439889 mv:65066 misc:5573 imb:1170 pmb:11074 smb:2156 d:s ref:0 ;
in:1032 out:1032 type:B dur:2 cpbdur:2 q:26.25 aq:22.89 tex:178753 mv:52327 misc:11816 imb:104 pmb:7679 smb:6617 d:s ref:0 ;
in:1031 out:1033 type:b dur:2 cpbdur:2 q:26.26 aq:24.72 tex:55586 mv:30047 misc:11503 imb:32 pmb:4520 smb:9848 d:s ref:0 ;
in:1033 out:1034 type:b dur:2 cpbdur:2 q:26.23 aq:24.64 tex:25146 mv:21323 misc:9755 imb:14 pmb:2867 smb:11519 d:- ref:0 ;
in:1038 out:1035 type:P dur:2 cpbdur:2 q:26.18 aq:20.44 tex:1743950 mv:67835 misc:5319 imb:1514 pmb:10962 smb:1924 d:s ref:0 ;
in:1036 out:1036 type:B dur:2 cpbdur:2 q:26.20 aq:22.78 tex:184488 mv:51369 misc:11919 imb:123 pmb:7672 smb:6605 d:s ref:0 ;
in:1035 out:1037 type:b dur:2 cpbdur:2 q:26.21 aq:24.63 tex:38846 mv:28460 misc:11254 imb:30 pmb:4056 smb:10314 d:s ref:0 ;
in:1037 out:1038 type:b dur:2 cpbdur:2 q:26.19 aq:24.59 tex:18089 mv:17488 misc:8911 imb:39 pmb:2345 smb:12016 d:- ref:0 ;
in:1042 out:1039 type:P dur:2 cpbdur:2 q:26.15 aq:20.38 tex:1420909 mv:63048 misc:5699 imb:1145 pmb:11084 smb:2171 d:s ref:0 ;
in:1040 out:1040 type:B dur:2 cpbdur:2 q:26.16 aq:22.94 tex:124556 mv:44460 misc:12280 imb:123 pmb:6209 smb:8068 d:s ref:0 ;
in:1039 out:1041 type:b dur:2 cpbdur:2 q:26.17 aq:24.48 tex:56644 mv:30321 misc:11579 imb:52 pmb:4525 smb:9823 d:s ref:0 ;
in:1041 out:1042 type:b dur:2 cpbdur:2 q:26.15 aq:24.67 tex:35958 mv:22297 misc:10297 imb:36 pmb:3320 smb:11044 d:- ref:0 ;
in:1046 out:1043 type:P dur:2 cpbdur:2 q:26.20 aq:20.59 tex:1480624 mv:62260 misc:5772 imb:1152 pmb:10902 smb:2346 d:s ref:0 ;
in:1044 out:1044 type:B dur:2 cpbdur:2 q:26.17 aq:23.05 tex:188023 mv:49468 misc:11949 imb:118 pmb:7683 smb:6599 d:s ref:0 ;
in:1043 out:1045 type:b dur:2 cpbdur:2 q:26.16 aq:24.35 tex:33595 mv:25931 misc:10730 imb:42 pmb:3690 smb:10668 d:s ref:0 ;
in:1045 out:1046 type:b dur:2 cpbdur:2 q:26.18 aq:24.32 tex:20371 mv:19550 misc:9423 imb:24 pmb:2673 smb:11703 d:- ref:0 ;
in:1050 out:1047 type:P dur:2 cpbdur:2 q:26.19 aq:20.46 tex:1609844 mv:66563 misc:5393 imb:1375 pmb:10978 smb:2047 d:s ref:0 ;
in:1048 out:1048 type:B dur:2 cpbdur:2 q:26.19 aq:22.55 tex:199825 mv:52713 misc:11790 imb:127 pmb:7987 smb:6286 d:s ref:0 ;
in:1047 out:1049 type:b dur:2 cpbdur:2 q:26.19 aq:24.51 tex:58471 mv:31433 misc:11920 imb:35 pmb:5090 smb:9275 d:s ref:0 ;
in:1049 out:1050 type:b dur:2 cpbdur:2 q:26.19 aq:24.32 tex:45226 mv:22233 misc:10917 imb:43 pmb:3743 smb:10614 d:- ref:0 ;
in:1054 out:1051 type:P dur:2 cpbdur:2 q:26.22 aq:20.58 tex:1393563 mv:63359 misc:5670 imb:1145 pmb:11061 smb:2194 d:s ref:0 ;
in:1052 out:1052 type:B dur:2 cpbdur:2 q:26.20 aq:22.94 tex:202084 mv:51728 misc:11588 imb:143 pmb:7730 smb:6527 d:s ref:0 ;
in:1051 out:1053 type:b dur:2 cpbdur:2 q:26.19 aq:24.60 tex:31502 mv:25164 misc:10422 imb:45 pmb:3465 smb:10890 d:s ref:0 ;
in:1053 out:1054 type:b dur:2 cpbdur:2 q:26.21 aq:25.31 tex:17582 mv:17079 misc:8683 imb:27 pmb:2291 smb:12082 d:- ref:0 ;
in:1058 out:1055 type:P dur:2 cpbdur:2 q:26.24 aq:20.60 tex:1607703 mv:65417 misc:5568 imb:1215 pmb:11095 smb:2090 d:s ref:0 ;
in:1056 out:1056 type:B dur:2 cpbdur:2 q:26.23 aq:23.18 tex:169499 mv:49528 misc:11797 imb:138 pmb:7410 smb:6852 d:s ref:0 ;
in:1055 out:1057 type:b dur:2 cpbdur:2 q:26.23 aq:24.56 tex:101686 mv:37425 misc:12009 imb:54 pmb:5931 smb:8415 d:s ref:0 ;
in:1057 out:1058 type:b dur:2 cpbdur:2 q:26.24 aq:24.53 tex:53164 mv:24918 misc:11478 imb:28 pmb:4251 smb:10121 d:- ref:0 ;
in:1062 out:1059 type:P dur:2 cpbdur:2 q:26.28 aq:20.77 tex:1481251 mv:64130 misc:5491 imb:1247 pmb:11046 smb:2107 d:s ref:0 ;
in:1060 out:1060 type:B dur:2 cpbdur:2 q:26.26 aq:22.95 tex:174174 mv:50625 misc:12121 imb:105 pmb:7472 smb:6823 d:s ref:0 ;
in:1059 out:1061 type:b dur:2 cpbdur:2 q:26.25 aq:24.52 tex:36951 mv:28568 misc:11137 imb:36 pmb:3850 smb:10514 d:s ref:0 ;
in:1061 out:1062 type:b dur:2 cpbdur:2 q:26.27 aq:25.03 tex:23232 mv:19995 misc:9797 imb:24 pmb:2811 smb:11565 d:- ref:0 ;
in:1066 out:1063 type:P dur:2 cpbdur:2 q:26.30 aq:20.60 tex:1437020 mv:63095 misc:5605 imb:1173 pmb:10875 smb:2352 d:s ref:0 ;
in:1064 out:1064 type:B dur:2 cpbdur:2 q:26.29 aq:22.95 tex:169133 mv:50871 misc:12140 imb:131 pmb:7556 smb:6713 d:s ref:0 ;
in:1063 out:1065 type:b dur:2 cpbdur:2 q:26.28 aq:24.82 tex:51094 mv:33313 misc:12073 imb:23 pmb:4677 smb:9700 d:s ref:0 ;
in:1065 out:1066 type:b dur:2 cpbdur:2 q:26.30 aq:24.65 tex:48464 mv:25959 misc:11473 imb:56 pmb:4043 smb:10301 d:- ref:0 ;
in:1070 out:1067 type:P dur:2 cpbdur:2 q:26.32 aq:20.65 tex:1604027 mv:66518 misc:5423 imb:1304 pmb:10958 smb:2138 d:s ref:0 ;
in:1068 out:1068 type:B dur:2 cpbdur:2 q:26.31 aq:22.85 tex:240346 mv:52963 misc:11539 imb:155 pmb:8103 smb:6142 d:s ref:0 ;
in:1067 out:1069 type:b dur:2 cpbdur:2 q:26.31 aq:24.79 tex:41190 mv:25857 misc:11313 imb:38 pmb:4100 smb:10262 d:s ref:0 ;
in:1069 out:1070 type:b dur:2 cpbdur:2 q:26.31 aq:24.61 tex:27084 mv:20551 misc:9869 imb:11 pmb:2903 smb:11486 d:- ref:0 ;
in:1074 out:1071 type:P dur:2 cpbdur:2 q:26.34 aq:20.53 tex:1496757 mv:65864 misc:5347 imb:1379 pmb:11109 smb:1912 d:s ref:0 ;
in:1072 out:1072 type:B dur:2 cpbdur:2 q:26.33 aq:22.82 tex:251233 mv:56806 misc:11481 imb:172 pmb:8918 smb:5310 d:s ref:0 ;
in:1071 out:1073 type:b dur:2 cpbdur:2 q:26.32 aq:24.77 tex:40283 mv:29173 misc:11536 imb:40 pmb:4226 smb:10134 d:s ref:0 ;
in:1073 out:1074 type:b dur:2 cpbdur:2 q:26.33 aq:24.86 tex:30265 mv:19727 misc:10488 imb:25 pmb:3127 smb:11248 d:- ref:0 ;
in:1078 out:1075 type:P dur:2 cpbdur:2 q:26.37 aq:20.93 tex:1307735 mv:62721 misc:5824 imb:1090 pmb:10966 smb:2344 d:s ref:0 ;
in:1076 out:1076 type:B dur:2 cpbdur:2 q:26.35 aq:23.09 tex:151039 mv:47566 misc:12339 imb:107 pmb:6965 smb:7328 d:s ref:0 ;
in:1075 out:1077 type:b dur:2 cpbdur:2 q:26.35 aq:24.65 tex:51275 mv:29166 misc:11375 imb:48 pmb:4467 smb:9885 d:s ref:0 ;
in:1077 out:1078 type:b dur:2 cpbdur:2 q:26.36 aq:24.44 tex:24093 mv:19088 misc:9339 imb:20 pmb:2671 smb:11709 d:- ref:0 ;
in:1082 out:1079 type:P dur:2 cpbdur:2 q:26.36 aq:20.59 tex:1604826 mv:69933 misc:4889 imb:1700 pmb:11004 smb:1696 d:s ref:0 ;
in:1080 out:1080 type:B dur:2 cpbdur:2 q:26.36 aq:23.09 tex:225886 mv:53866 misc:11000 imb:139 pmb:8313 smb:5948 d:s ref:0 ;
in:1079 out:1081 type:b dur:2 cpbdur:2 q:26.37 aq:24.54 tex:57828 mv:26255 misc:11221 imb:30 pmb:4610 smb:9760 d:s ref:0 ;
in:1081 out:1082 type:b dur:2 cpbdur:2 q:26.36 aq:24.76 tex:52028 mv:25832 misc:11788 imb:65 pmb:4280 smb:10055 d:- ref:0 ;
in:1086 out:1083 type:P dur:2 cpbdur:2 q:26.41 aq:20.63 tex:1594660 mv:68352 misc:5292 imb:1399 pmb:11022 smb:1979 d:s ref:0 ;
in:1084 out:1084 type:B dur:2 cpbdur:2 q:26.38 aq:23.06 tex:224781 mv:52563 misc:11352 imb:151 pmb:8040 smb:6209 d:s ref:0 ;
in:1083 out:1085 type:b dur:2 cpbdur:2 q:26.37 aq:24.85 tex:38917 mv:27884 misc:10879 imb:26 pmb:3915 smb:10459 d:s ref:0 ;
in:1085 out:1086 type:b dur:2 cpbdur:2 q:26.40 aq:25.06 tex:15289 mv:17537 misc:8758 imb:32 pmb:2328 smb:12040 d:- ref:0 ;
in:1090 out:1087 type:P dur:2 cpbdur:2 q:26.42 aq:20.78 tex:1343634 mv:63189 misc:5921 imb:1126 pmb:10905 smb:2369 d:s ref:0 ;
in:1088 out:1088 type:B dur:2 cpbdur:2 q:26.42 aq:23.19 tex:137905 mv:46245 misc:11890 imb:109 pmb:6457 smb:7834 d:s ref:0 ;
in:1087 out:1089 type:b dur:2 cpbdur:2 q:26.41 aq:24.69 tex:71553 mv:30583 misc:11592 imb:55 pmb:4863 smb:9482 d:s ref:0 ;
in:1089 out:1090 type:b dur:2 cpbdur:2 q:26.42 aq:24.86 tex:36833 mv:23509 misc:10698 imb:21 pmb:3510 smb:10869 d:- ref:0 ;
in:1094 out:1091 type:P dur:2 cpbdur:2 q:26.41 aq:20.66 tex:1520047 mv:65101 misc:5668 imb:1274 pmb:10862 smb:2264 d:s ref:0 ;
in:1092 out:1092 type:B dur:2 cpbdur:2 q:26.42 aq:22.86 tex:216174 mv:51776 misc:11514 imb:112 pmb:8246 smb:6042 d:s ref:0 ;
in:1091 out:1093 type:b dur:2 cpbdur:2 q:26.42 aq:24.23 tex:35943 mv:27490 misc:11343 imb:46 pmb:3800 smb:10554 d:s ref:0 ;
in:1093 out:1094 type:b dur:2 cpbdur:2 q:26.41 aq:24.76 tex:37711 mv:22271 misc:10754 imb:34 pmb:3525 smb:10841 d:- ref:0 ;
in:1098 out:1095 type:P dur:2 cpbdur:2 q:26.43 aq:20.63 tex:1483217 mv:65967 misc:5384 imb:1261 pmb:11019 smb:2120 d:s ref:0 ;
in:1096 out:1096 type:B dur:2 cpbdur:2 q:26.42 aq:22.79 tex:165026 mv:51164 misc:12570 imb:113 pmb:7462 smb:6825 d:s ref:0 ;
in:1095 out:1097 type:b dur:2 cpbdur:2 q:26.41 aq:24.90 tex:45059 mv:29977 misc:11964 imb:33 pmb:4322 smb:10045 d:s ref:0 ;
in:1097 out:1098 type:b dur:2 cpbdur:2 q:26.42 aq:24.61 tex:44042 mv:24135 misc:11079 imb:44 pmb:3942 smb:10414 d:- ref:0 ;
in:1102 out:1099 type:P dur:2 cpbdur:2 q:26.42 aq:20.67 tex:1394443 mv:64234 misc:5547 imb:1278 pmb:11047 smb:2075 d:s ref:0 ;
in:1100 out:1100 type:B dur:2 cpbdur:2 q:26.42 aq:22.99 tex:210150 mv:50374 misc:11220 imb:146 pmb:7768 smb:6486 d:s ref:0 ;
in:1099 out:1101 type:b dur:2 cpbdur:2 q:26.43 aq:24.91 tex:33352 mv:25623 misc:10193 imb:34 pmb:3523 smb:10843 d:s ref:0 ;
in:1101 out:1102 type:b dur:2 cpbdur:2 q:26.42 aq:25.03 tex:19276 mv:17167 misc:8565 imb:18 pmb:2346 smb:12036 d:- ref:0 ;
in:1106 out:1103 type:P dur:2 cpbdur:2 q:26.41 aq:20.86 tex:1522498 mv:64429 misc:5713 imb:1236 pmb:11075 smb:2089 d:s ref:0 ;
in:1104 out:1104 type:B dur:2 cpbdur:2 q:26.42 aq:23.54 tex:112498 mv:46034 misc:12636 imb:101 pmb:6731 smb:7568 d:s ref:0 ;
in:1103 out:1105 type:b dur:2 cpbdur:2 q:26.42 aq:24.72 tex:35050 mv:26410 misc:10452 imb:24 pmb:3359 smb:11017 d:s ref:0 ;
in:1105 out:1106 type:b dur:2 cpbdur:2 q:26.41 aq:24.89 tex:37895 mv:21034 misc:10351 imb:22 pmb:3568 smb:10810 d:- ref:0 ;
in:1110 out:1107 type:P dur:2 cpbdur:2 q:26.43 aq:20.79 tex:1566433 mv:66677 misc:5346 imb:1394 pmb:11164 smb:1842 d:s ref:0 ;
in:1108 out:1108 type:B dur:2 cpbdur:2 q:26.42 aq:23.20 tex:151768 mv:48594 misc:12310 imb:110 pmb:7311 smb:6979 d:s ref:0 ;
in:1107 out:1109 type:b dur:2 cpbdur:2 q:26.42 aq:24.65 tex:38858 mv:28048 misc:10726 imb:31 pmb:3523 smb:10846 d:s ref:0 ;
in:1109 out:1110 type:b dur:2 cpbdur:2 q:26.43 aq:25.24 tex:23918 mv:19063 misc:9315 imb:31 pmb:2797 smb:11572 d:- ref:0 ;
in:1114 out:1111 type:P dur:2 cpbdur:2 q:26.44 aq:20.59 tex:1417408 mv:64193 misc:5615 imb:1272 pmb:11023 smb:2105 d:s ref:0 ;
in:1112 out:1112 type:B dur:2 cpbdur:2 q:26.43 aq:23.01 tex:160854 mv:48715 misc:12135 imb:83 pmb:7259 smb:7058 d:s ref:0 ;
in:1111 out:1113 type:b dur:2 cpbdur:2 q:26.43 aq:24.88 tex:27988 mv:25178 misc:10466 imb:37 pmb:3139 smb:11224 d:s ref:0 ;
in:1113 out:1114 type:b dur:2 cpbdur:2 q:26.44 aq:24.81 tex:44185 mv:23114 misc:11109 imb:22 pmb:3816 smb:10562 d:- ref:0 ;
in:1118 out:1115 type:P dur:2 cpbdur:2 q:26.45 aq:20.56 tex:1529819 mv:66184 misc:5637 imb:1252 pmb:10914 smb:2234 d:s ref:0 ;
in:1116 out:1116 type:B dur:2 cpbdur:2 q:26.44 aq:23.18 tex:221135 mv:49715 misc:10934 imb:115 pmb:7785 smb:6500 d:s ref:0 ;
in:1115 out:1117 type:b dur:2 cpbdur:2 q:26.44 aq:24.74 tex:43414 mv:27515 misc:11071 imb:23 pmb:3662 smb:10715 d:s ref:0 ;
in:1117 out:1118 type:b dur:2 cpbdur:2 q:26.44 aq:24.92 tex:20457 mv:18600 misc:9247 imb:13 pmb:2516 smb:11871 d:- ref:0 ;
in:1122 out:1119 type:P dur:2 cpbdur:2 q:26.45 aq:20.70 tex:1480394 mv:67134 misc:5352 imb:1332 pmb:11163 smb:1905 d:s ref:0 ;
in:1120 out:1120 type:B dur:2 cpbdur:2 q:26.45 aq:23.40 tex:78280 mv:43329 misc:13103 imb:98 pmb:5372 smb:8930 d:s ref:0 ;
in:1119 out:1121 type:b dur:2 cpbdur:2 q:26.45 aq:24.59 tex:37948 mv:27635 misc:11537 imb:54 pmb:3960 smb:10386 d:s ref:0 ;
in:1121 out:1122 type:b dur:2 cpbdur:2 q:26.45 aq:24.69 tex:34561 mv:23568 misc:10703 imb:24 pmb:3602 smb:10774 d:- ref:0 ;
in:1126 out:1123 type:P dur:2 cpbdur:2 q:26.46 aq:20.65 tex:1440090 mv:65521 misc:5581 imb:1245 pmb:11062 smb:2093 d:s ref:0 ;
in:1124 out:1124 type:B dur:2 cpbdur:2 q:26.46 aq:23.20 tex:168188 mv:47002 misc:11386 imb:106 pmb:6861 smb:7433 d:s ref:0 ;
in:1123 out:1125 type:b dur:2 cpbdur:2 q:26.46 aq:24.72 tex:29443 mv:25321 misc:10340 imb:16 pmb:3376 smb:11008 d:s ref:0 ;
in:1125 out:1126 type:b dur:2 cpbdur:2 q:26.46 aq:24.40 tex:38117 mv:24050 misc:11321 imb:30 pmb:3701 smb:10669 d:- ref:0 ;
in:1130 out:1127 type:P dur:2 cpbdur:2 q:26.46 aq:20.73 tex:1338750 mv:64251 misc:5647 imb:1187 pmb:10940 smb:2273 d:s ref:0 ;
in:1128 out:1128 type:B dur:2 cpbdur:2 q:26.46 aq:23.23 tex:123306 mv:47874 misc:12740 imb:86 pmb:6856 smb:7458 d:s ref:0 ;
in:1127 out:1129 type:b dur:2 cpbdur:2 q:26.46 aq:24.51 tex:50275 mv:28533 misc:11624 imb:32 pmb:4280 smb:10088 d:s ref:0 ;
in:1129 out:1130 type:b dur:2 cpbdur:2 q:26.46 aq:24.54 tex:53629 mv:24430 misc:11461 imb:41 pmb:4321 smb:10038 d:- ref:0 ;
in:1134 out:1131 type:P dur:2 cpbdur:2 q:26.47 aq:20.72 tex:1574890 mv:68917 misc:5417 imb:1412 pmb:11078 smb:1910 d:s ref:0 ;
in:1132 out:1132 type:B dur:2 cpbdur:2 q:26.47 aq:23.24 tex:205857 mv:51774 misc:11649 imb:132 pmb:8001 smb:6267 d:s ref:0 ;
in:1131 out:1133 type:b dur:2 cpbdur:2 q:26.47 aq:24.65 tex:45809 mv:27551 misc:11168 imb:25 pmb:3810 smb:10565 d:s ref:0 ;
in:1133 out:1134 type:b dur:2 cpbdur:2 q:26.47 aq:24.66 tex:17709 mv:17121 misc:8650 imb:21 pmb:2225 smb:12154 d:- ref:0 ;
in:1138 out:1135 type:P dur:2 cpbdur:2 q:26.47 aq:20.76 tex:1294149 mv:63408 misc:5739 imb:1157 pmb:11030 smb:2213 d:s ref:0 ;
in:1136 out:1136 type:B dur:2 cpbdur:2 q:26.47 aq:23.31 tex:114644 mv:43268 misc:11792 imb:87 pmb:5946 smb:8367 d:s ref:0 ;
in:1135 out:1137 type:b dur:2 cpbdur:2 q:26.47 aq:24.96 tex:33998 mv:24648 misc:10226 imb:25 pmb:3248 smb:11127 d:s ref:0 ;
in:1137 out:1138 type:b dur:2 cpbdur:2 q:26.47 aq:24.25 tex:29437 mv:19419 misc:10368 imb:19 pmb:3191 smb:11190 d:- ref:0 ;
in:1142 out:1139 type:P dur:2 cpbdur:2 q:26.46 aq:21.06 tex:1363412 mv:62899 misc:5713 imb:1128 pmb:10883 smb:2389 d:s ref:0 ;
in:1140 out:1140 type:B dur:2 cpbdur:2 q:26.47 aq:23.38 tex:139651 mv:44567 misc:12022 imb:68 pmb:6883 smb:7449 d:s ref:0 ;
in:1139 out:1141 type:b dur:2 cpbdur:2 q:26.47 aq:24.58 tex:48961 mv:26055 misc:11008 imb:39 pmb:3885 smb:10476 d:s ref:0 ;
in:1141 out:1142 type:b dur:2 cpbdur:2 q:26.46 aq:24.53 tex:15470 mv:16927 misc:8819 imb:25 pmb:2334 smb:12041 d:- ref:0 ;
in:1146 out:1143 type:P dur:2 cpbdur:2 q:26.45 aq:20.96 tex:1453522 mv:68009 misc:5629 imb:1503 pmb:10880 smb:2017 d:s ref:0 ;
in:1144 out:1144 type:B dur:2 cpbdur:2 q:26.46 aq:23.04 tex:157379 mv:47888 misc:12069 imb:89 pmb:7280 smb:7031 d:s ref:0 ;
in:1143 out:1145 type:b dur:2 cpbdur:2 q:26.46 aq:24.66 tex:27638 mv:24820 misc:10310 imb:23 pmb:3070 smb:11307 d:s ref:0 ;
in:1145 out:1146 type:b dur:2 cpbdur:2 q:26.45 aq:24.60 tex:39941 mv:22932 misc:11343 imb:37 pmb:3879 smb:10484 d:- ref:0 ;
in:1150 out:1147 type:P dur:2 cpbdur:2 q:26.46 aq:21.47 tex:1270294 mv:63072 misc:6154 imb:1110 pmb:10698 smb:2592 d:s ref:0 ;
in:1148 out:1148 type:B dur:2 cpbdur:2 q:26.46 aq:23.26 tex:192681 mv:50050 misc:12045 imb:156 pmb:7431 smb:6813 d:s ref:0 ;
in:1147 out:1149 type:b dur:2 cpbdur:2 q:26.45 aq:24.56 tex:46753 mv:25882 misc:11373 imb:29 pmb:3972 smb:10399 d:s ref:0 ;
in:1149 out:1150 type:b dur:2 cpbdur:2 q:26.46 aq:24.51 tex:24498 mv:19144 misc:9670 imb:41 pmb:2647 smb:11712 d:- ref:0 ;
in:1154 out:1151 type:P dur:2 cpbdur:2 q:26.45 aq:21.74 tex:1345512 mv:73687 misc:4553 imb:2318 pmb:11039 smb:1043 d:s ref:0 ;
in:1152 out:1152 type:B dur:2 cpbdur:2 q:26.46 aq:23.85 tex:168913 mv:54481 misc:12438 imb:318 pmb:7461 smb:6621 d:s ref:0 ;
in:1151 out:1153 type:b dur:2 cpbdur:2 q:26.46 aq:24.66 tex:49176 mv:27530 misc:11590 imb:55 pmb:4186 smb:10159 d:s ref:0 ;
in:1153 out:1154 type:b dur:2 cpbdur:2 q:26.45 aq:24.92 tex:74993 mv:26999 misc:12432 imb:115 pmb:5119 smb:9166 d:- ref:0 ;
in:1158 out:1155 type:P dur:2 cpbdur:2 q:26.45 aq:22.71 tex:1021100 mv:63431 misc:7253 imb:1358 pmb:10146 smb:2896 d:s ref:0 ;
in:1156 out:1156 type:B dur:2 cpbdur:2 q:26.45 aq:23.43 tex:249738 mv:50383 misc:11199 imb:73 pmb:8442 smb:5885 d:s ref:0 ;
in:1155 out:1157 type:b dur:2 cpbdur:2 q:26.45 aq:25.06 tex:46748 mv:28666 misc:11378 imb:26 pmb:4259 smb:10115 d:s ref:0 ;
in:1157 out:1158 type:b dur:2 cpbdur:2 q:26.45 aq:24.79 tex:24037 mv:19024 misc:9851 imb:29 pmb:2828 smb:11543 d:- ref:0 ;
in:1160 out:1159 type:P dur:2 cpbdur:2 q:26.42 aq:24.61 tex:334714 mv:37379 misc:9003 imb:322 pmb:8095 smb:5983 d:s ref:0 ;
in:1159 out:1160 type:b dur:2 cpbdur:2 q:26.44 aq:24.79 tex:47879 mv:27006 misc:11251 imb:37 pmb:3871 smb:10492 d:s ref:0 ;
in:1161 out:1161 type:I dur:2 cpbdur:2 q:23.54 aq:14.67 tex:2815149 mv:334353 misc:522 imb:14400 pmb:0 smb:0 d:s ref:;
in:1165 out:1162 type:P dur:2 cpbdur:2 q:26.61 aq:17.17 tex:594155 mv:60247 misc:6174 imb:4180 pmb:8719 smb:1501 d:s ref:0 ;
in:1163 out:1163 type:B dur:2 cpbdur:2 q:26.61 aq:21.06 tex:70090 mv:31151 misc:12199 imb:202 pmb:6370 smb:7828 d:s ref:0 ;
in:1162 out:1164 type:b dur:2 cpbdur:2 q:26.61 aq:22.67 tex:34015 mv:25440 misc:11121 imb:161 pmb:5480 smb:8759 d:s ref:0 ;
in:1164 out:1165 type:b dur:2 cpbdur:2 q:26.61 aq:22.63 tex:24643 mv:16085 misc:10704 imb:39 pmb:3089 smb:11272 d:- ref:0 ;
in:1169 out:1166 type:P dur:2 cpbdur:2 q:26.56 aq:17.35 tex:651937 mv:42779 misc:9588 imb:1535 pmb:8215 smb:4650 d:s ref:0 ;
in:1167 out:1167 type:B dur:2 cpbdur:2 q:26.58 aq:21.66 tex:41891 mv:20553 misc:11252 imb:81 pmb:3391 smb:10928 d:s ref:0 ;
in:1166 out:1168 type:b dur:2 cpbdur:2 q:26.59 aq:23.14 tex:20570 mv:12021 misc:8465 imb:40 pmb:2207 smb:12153 d:s ref:0 ;
in:1168 out:1169 type:b dur:2 cpbdur:2 q:26.57 aq:22.74 tex:17419 mv:11465 misc:7924 imb:37 pmb:1890 smb:12473 d:- ref:0 ;
in:1173 out:1170 type:P dur:2 cpbdur:2 q:26.50 aq:17.25 tex:695293 mv:42392 misc:9115 imb:1691 pmb:8243 smb:4466 d:s ref:0 ;
in:1171 out:1171 type:B dur:2 cpbdur:2 q:26.53 aq:21.24 tex:49992 mv:20955 misc:11645 imb:112 pmb:3656 smb:10632 d:s ref:0 ;
in:1170 out:1172 type:b dur:2 cpbdur:2 q:26.55 aq:23.17 tex:17026 mv:9998 misc:7552 imb:27 pmb:1876 smb:12497 d:s ref:0 ;
in:1172 out:1173 type:b dur:2 cpbdur:2 q:26.52 aq:22.93 tex:22537 mv:14492 misc:9243 imb:35 pmb:2473 smb:11892 d:- ref:0 ;
in:1177 out:1174 type:P dur:2 cpbdur:2 q:26.43 aq:17.22 tex:701087 mv:42510 misc:9139 imb:1632 pmb:8294 smb:4474 d:s ref:0 ;
in:1175 out:1175 type:B dur:2 cpbdur:2 q:26.47 aq:21.67 tex:39029 mv:19959 misc:10356 imb:90 pmb:3013 smb:11297 d:s ref:0 ;
in:1174 out:1176 type:b dur:2 cpbdur:2 q:26.49 aq:22.95 tex:14395 mv:9873 misc:7844 imb:35 pmb:1949 smb:12416 d:s ref:0 ;
in:1176 out:1177 type:b dur:2 cpbdur:2 q:26.45 aq:22.71 tex:15991 mv:11791 misc:8610 imb:32 pmb:2215 smb:12153 d:- ref:0 ;
in:1181 out:1178 type:P dur:2 cpbdur:2 q:26.34 aq:17.11 tex:646871 mv:42505 misc:9376 imb:1604 pmb:8210 smb:4586 d:s ref:0 ;
in:1179 out:1179 type:B dur:2 cpbdur:2 q:26.39 aq:21.49 tex:41448 mv:19600 misc:10312 imb:79 pmb:3008 smb:11313 d:s ref:0 ;
in:1178 out:1180 type:b dur:2 cpbdur:2 q:26.41 aq:23.03 tex:12453 mv:7452 misc:6495 imb:20 pmb:1434 smb:12946 d:s ref:0 ;
in:1180 out:1181 type:b dur:2 cpbdur:2 q:26.36 aq:22.87 tex:19311 mv:12204 misc:8477 imb:38 pmb:2140 smb:12222 d:- ref:0 ;
in:1185 out:1182 type:P dur:2 cpbdur:2 q:26.26 aq:17.15 tex:693226 mv:40010 misc:8756 imb:1487 pmb:8049 smb:4864 d:s ref:0 ;
in:1183 out:1183 type:B dur:2 cpbdur:2 q:26.30 aq:21.34 tex:43102 mv:20372 misc:10846 imb:93 pmb:3247 smb:11060 d:s ref:0 ;
in:1182 out:1184 type:b dur:2 cpbdur:2 q:26.32 aq:22.50 tex:22012 mv:12403 misc:7841 imb:44 pmb:2176 smb:12180 d:s ref:0 ;
in:1184 out:1185 type:b dur:2 cpbdur:2 q:26.28 aq:23.03 tex:16341 mv:12814 misc:8277 imb:46 pmb:2054 smb:12300 d:- ref:0 ;
in:1189 out:1186 type:P dur:2 cpbdur:2 q:26.18 aq:16.95 tex:655326 mv:43057 misc:9465 imb:1697 pmb:8140 smb:4563 d:s ref:0 ;
in:1187 out:1187 type:B dur:2 cpbdur:2 q:26.22 aq:21.17 tex:51845 mv:24371 misc:11496 imb:133 pmb:3571 smb:10696 d:s ref:0 ;
in:1186 out:1188 type:b dur:2 cpbdur:2 q:26.24 aq:23.35 tex:13369 mv:9135 misc:7048 imb:22 pmb:1683 smb:12695 d:s ref:0 ;
in:1188 out:1189 type:b dur:2 cpbdur:2 q:26.20 aq:22.90 tex:17120 mv:11403 misc:7829 imb:30 pmb:1847 smb:12523 d:- ref:0 ;
in:1193 out:1190 type:P dur:2 cpbdur:2 q:26.11 aq:16.97 tex:745410 mv:44701 misc:8745 imb:1709 pmb:8347 smb:4344 d:s ref:0 ;
in:1191 out:1191 type:B dur:2 cpbdur:2 q:26.15 aq:21.53 tex:38124 mv:20138 misc:10330 imb:78 pmb:2997 smb:11325 d:s ref:0 ;
in:1190 out:1192 type:b dur:2 cpbdur:2 q:26.16 aq:22.72 tex:24517 mv:12931 misc:8928 imb:43 pmb:2444 smb:11913 d:s ref:0 ;
in:1192 out:1193 type:b dur:2 cpbdur:2 q:26.13 aq:23.04 tex:18270 mv:14109 misc:8429 imb:37 pmb:2215 smb:12148 d:- ref:0 ;
in:1197 out:1194 type:P dur:2 cpbdur:2 q:26.03 aq:16.83 tex:661683 mv:42937 misc:9564 imb:1670 pmb:8213 smb:4517 d:s ref:0 ;
in:1195 out:1195 type:B dur:2 cpbdur:2 q:26.07 aq:21.37 tex:46289 mv:21958 misc:10801 imb:77 pmb:3263 smb:11060 d:s ref:0 ;
in:1194 out:1196 type:b dur:2 cpbdur:2 q:26.09 aq:22.94 tex:14749 mv:10837 misc:7902 imb:19 pmb:2091 smb:12290 d:s ref:0 ;
in:1196 out:1197 type:b dur:2 cpbdur:2 q:26.05 aq:22.38 tex:21344 mv:13097 misc:9103 imb:51 pmb:2341 smb:12008 d:- ref:0 ;
in:1201 out:1198 type:P dur:2 cpbdur:2 q:25.97 aq:16.65 tex:749247 mv:46283 misc:8814 imb:1918 pmb:8476 smb:4006 d:s ref:0 ;
in:1199 out:1199 type:B dur:2 cpbdur:2 q:26.00 aq:21.03 tex:50837 mv:22835 misc:11280 imb:100 pmb:3605 smb:10695 d:s ref:0 ;
in:1198 out:1200 type:b dur:2 cpbdur:2 q:26.02 aq:22.93 tex:21108 mv:10253 misc:8079 imb:32 pmb:1972 smb:12396 d:s ref:0 ;
in:1200 out:1201 type:b dur:2 cpbdur:2 q:25.98 aq:22.48 tex:21406 mv:13811 misc:9167 imb:46 pmb:2486 smb:11868 d:- ref:0 ;
in:1205 out:1202 type:P dur:2 cpbdur:2 q:25.90 aq:16.52 tex:696042 mv:40878 misc:9136 imb:1434 pmb:8132 smb:4834 d:s ref:0 ;
in:1203 out:1203 type:B dur:2 cpbdur:2 q:25.93 aq:20.91 tex:53611 mv:26314 misc:11683 imb:107 pmb:3982 smb:10311 d:s ref:0 ;
in:1202 out:1204 type:b dur:2 cpbdur:2 q:25.95 aq:22.68 tex:12709 mv:7473 misc:6434 imb:31 pmb:1443 smb:12926 d:s ref:0 ;
in:1204 out:1205 type:b dur:2 cpbdur:2 q:25.92 aq:22.50 tex:22702 mv:15803 misc:9303 imb:32 pmb:2631 smb:11737 d:- ref:0 ;
in:1209 out:1206 type:P dur:2 cpbdur:2 q:25.83 aq:16.65 tex:784648 mv:40155 misc:8501 imb:1646 pmb:8199 smb:4555 d:s ref:0 ;
in:1207 out:1207 type:B dur:2 cpbdur:2 q:25.87 aq:20.82 tex:51362 mv:23513 misc:11253 imb:92 pmb:3629 smb:10679 d:s ref:0 ;
in:1206 out:1208 type:b dur:2 cpbdur:2 q:25.88 aq:22.09 tex:21989 mv:10700 misc:8263 imb:35 pmb:2055 smb:12310 d:s ref:0 ;
in:1208 out:1209 type:b dur:2 cpbdur:2 q:25.85 aq:22.58 tex:24522 mv:14465 misc:9117 imb:48 pmb:2427 smb:11925 d:- ref:0 ;
in:1213 out:1210 type:P dur:2 cpbdur:2 q:25.77 aq:16.50 tex:689281 mv:41619 misc:9172 imb:1536 pmb:8180 smb:4684 d:s ref:0 ;
in:1211 out:1211 type:B dur:2 cpbdur:2 q:25.80 aq:20.98 tex:55024 mv:21434 misc:11022 imb:91 pmb:3468 smb:10841 d:s ref:0 ;
in:1210 out:1212 type:b dur:2 cpbdur:2 q:25.82 aq:21.48 tex:15627 mv:7468 misc:6593 imb:31 pmb:1448 smb:12921 d:s ref:0 ;
in:1212 out:1213 type:b dur:2 cpbdur:2 q:25.79 aq:22.31 tex:22017 mv:14034 misc:9229 imb:37 pmb:2489 smb:11874 d:- ref:0 ;
in:1217 out:1214 type:P dur:2 cpbdur:2 q:25.70 aq:16.47 tex:744944 mv:42310 misc:8906 imb:1479 pmb:8282 smb:4639 d:s ref:0 ;
in:1215 out:1215 type:B dur:2 cpbdur:2 q:25.74 aq:20.74 tex:51753 mv:22186 misc:10933 imb:68 pmb:3457 smb:10875 d:s ref:0 ;
in:1214 out:1216 type:b dur:2 cpbdur:2 q:25.76 aq:22.27 tex:17081 mv:10343 misc:7840 imb:25 pmb:2052 smb:12323 d:s ref:0 ;
in:1216 out:1217 type:b dur:2 cpbdur:2 q:25.72 aq:22.25 tex:22428 mv:14986 misc:8770 imb:41 pmb:2362 smb:11997 d:- ref:0 ;
in:1221 out:1218 type:P dur:2 cpbdur:2 q:25.68 aq:16.71 tex:674664 mv:38189 misc:9099 imb:1454 pmb:7947 smb:4999 d:s ref:0 ;
in:1219 out:1219 type:B dur:2 cpbdur:2 q:25.69 aq:20.22 tex:61701 mv:23487 misc:11804 imb:127 pmb:3906 smb:10367 d:s ref:0 ;
in:1218 out:1220 type:b dur:2 cpbdur:2 q:25.70 aq:21.95 tex:15797 mv:10734 misc:7341 imb:23 pmb:1856 smb:12521 d:s ref:0 ;
in:1220 out:1221 type:b dur:2 cpbdur:2 q:25.68 aq:22.40 tex:25279 mv:15441 misc:9488 imb:47 pmb:2649 smb:11704 d:- ref:0 ;
in:1225 out:1222 type:P dur:2 cpbdur:2 q:25.60 aq:16.53 tex:893140 mv:48159 misc:8069 imb:2110 pmb:8563 smb:3727 d:s ref:0 ;
in:1223 out:1223 type:B dur:2 cpbdur:2 q:25.64 aq:20.56 tex:54941 mv:23318 misc:11589 imb:88 pmb:3780 smb:10532 d:s ref:0 ;
in:1222 out:1224 type:b dur:2 cpbdur:2 q:25.66 aq:22.36 tex:24041 mv:13927 misc:9344 imb:50 pmb:2662 smb:11688 d:s ref:0 ;
in:1224 out:1225 type:b dur:2 cpbdur:2 q:25.62 aq:22.18 tex:22373 mv:15531 misc:9832 imb:48 pmb:2722 smb:11630 d:- ref:0 ;
in:1229 out:1226 type:P dur:2 cpbdur:2 q:25.53 aq:16.32 tex:676859 mv:42456 misc:9413 imb:1590 pmb:8198 smb:4612 d:s ref:0 ;
in:1227 out:1227 type:B dur:2 cpbdur:2 q:25.57 aq:20.93 tex:49633 mv:23076 misc:11131 imb:79 pmb:3553 smb:10768 d:s ref:0 ;
in:1226 out:1228 type:b dur:2 cpbdur:2 q:25.58 aq:22.24 tex:21382 mv:13214 misc:8172 imb:35 pmb:2290 smb:12075 d:s ref:0 ;
in:1228 out:1229 type:b dur:2 cpbdur:2 q:25.55 aq:22.40 tex:25933 mv:14865 misc:9402 imb:44 pmb:2612 smb:11744 d:- ref:0 ;
in:1233 out:1230 type:P dur:2 cpbdur:2 q:25.46 aq:16.26 tex:778474 mv:43347 misc:8659 imb:1637 pmb:8368 smb:4395 d:s ref:0 ;
in:1231 out:1231 type:B dur:2 cpbdur:2 q:25.49 aq:20.42 tex:60131 mv:22886 misc:11351 imb:87 pmb:3724 smb:10589 d:s ref:0 ;
in:1230 out:1232 type:b dur:2 cpbdur:2 q:25.51 aq:21.98 tex:15045 mv:8716 misc:7135 imb:20 pmb:1705 smb:12675 d:s ref:0 ;
in:1232 out:1233 type:b dur:2 cpbdur:2 q:25.47 aq:22.45 tex:27814 mv:18221 misc:9821 imb:73 pmb:2819 smb:11508 d:- ref:0 ;
in:1237 out:1234 type:P dur:2 cpbdur:2 q:25.35 aq:16.24 tex:761120 mv:43793 misc:9143 imb:1717 pmb:8303 smb:4380 d:s ref:0 ;
in:1235 out:1235 type:B dur:2 cpbdur:2 q:25.40 aq:20.24 tex:63610 mv:26848 misc:12302 imb:128 pmb:4309 smb:9963 d:s ref:0 ;
in:1234 out:1236 type:b dur:2 cpbdur:2 q:25.43 aq:21.74 tex:16547 mv:9782 misc:7687 imb:36 pmb:1811 smb:12553 d:s ref:0 ;
in:1236 out:1237 type:b dur:2 cpbdur:2 q:25.37 aq:22.60 tex:21346 mv:14100 misc:8842 imb:53 pmb:2359 smb:11988 d:- ref:0 ;
in:1241 out:1238 type:P dur:2 cpbdur:2 q:25.29 aq:16.13 tex:831163 mv:45241 misc:8652 imb:1734 pmb:8468 smb:4198 d:s ref:0 ;
in:1239 out:1239 type:B dur:2 cpbdur:2 q:25.32 aq:20.64 tex:56618 mv:25013 misc:11377 imb:100 pmb:3782 smb:10518 d:s ref:0 ;
in:1238 out:1240 type:b dur:2 cpbdur:2 q:25.33 aq:21.86 tex:21162 mv:11478 misc:8680 imb:37 pmb:2231 smb:12132 d:s ref:0 ;
in:1240 out:1241 type:b dur:2 cpbdur:2 q:25.30 aq:22.62 tex:17355 mv:12047 misc:8510 imb:44 pmb:2181 smb:12175 d:- ref:0 ;
in:1245 out:1242 type:P dur:2 cpbdur:2 q:25.22 aq:16.07 tex:765385 mv:45753 misc:9030 imb:1895 pmb:8494 smb:4011 d:s ref:0 ;
in:1243 out:1243 type:B dur:2 cpbdur:2 q:25.25 aq:20.32 tex:73079 mv:27732 misc:12021 imb:127 pmb:4122 smb:10151 d:s ref:0 ;
in:1242 out:1244 type:b dur:2 cpbdur:2 q:25.27 aq:22.59 tex:18430 mv:10570 misc:7608 imb:43 pmb:1824 smb:12533 d:s ref:0 ;
in:1244 out:1245 type:b dur:2 cpbdur:2 q:25.24 aq:21.93 tex:26902 mv:14532 misc:9478 imb:73 pmb:2453 smb:11874 d:- ref:0 ;
in:1249 out:1246 type:P dur:2 cpbdur:2 q:25.16 aq:16.04 tex:828051 mv:46864 misc:8613 imb:1927 pmb:8665 smb:3808 d:s ref:0 ;
in:1247 out:1247 type:B dur:2 cpbdur:2 q:25.19 aq:20.15 tex:60537 mv:24803 misc:11812 imb:98 pmb:3976 smb:10326 d:s ref:0 ;
in:1246 out:1248 type:b dur:2 cpbdur:2 q:25.20 aq:22.16 tex:29217 mv:13540 misc:8867 imb:50 pmb:2372 smb:11978 d:s ref:0 ;
in:1248 out:1249 type:b dur:2 cpbdur:2 q:25.17 aq:21.80 tex:22349 mv:12137 misc:8674 imb:34 pmb:2230 smb:12136 d:- ref:0 ;
in:1253 out:1250 type:P dur:2 cpbdur:2 q:25.10 aq:15.89 tex:801071 mv:46522 misc:8911 imb:1660 pmb:8648 smb:4092 d:s ref:0 ;
in:1251 out:1251 type:B dur:2 cpbdur:2 q:25.13 aq:19.90 tex:68958 mv:27205 misc:12653 imb:131 pmb:4572 smb:9697 d:s ref:0 ;
in:1250 out:1252 type:b dur:2 cpbdur:2 q:25.14 aq:22.38 tex:28429 mv:16030 misc:9165 imb:38 pmb:2649 smb:11713 d:s ref:0 ;
in:1252 out:1253 type:b dur:2 cpbdur:2 q:25.11 aq:21.90 tex:30043 mv:15891 misc:9722 imb:51 pmb:2711 smb:11638 d:- ref:0 ;
in:1257 out:1254 type:P dur:2 cpbdur:2 q:25.04 aq:15.80 tex:895079 mv:47414 misc:8539 imb:1761 pmb:8744 smb:3895 d:s ref:0 ;
in:1255 out:1255 type:B dur:2 cpbdur:2 q:25.07 aq:20.20 tex:62024 mv:25064 misc:11888 imb:102 pmb:3913 smb:10385 d:s ref:0 ;
in:1254 out:1256 type:b dur:2 cpbdur:2 q:25.08 aq:21.61 tex:29772 mv:15987 misc:9601 imb:46 pmb:2856 smb:11498 d:s ref:0 ;
in:1256 out:1257 type:b dur:2 cpbdur:2 q:25.05 aq:21.36 tex:25067 mv:14392 misc:8917 imb:77 pmb:2315 smb:12008 d:- ref:0 ;
in:1261 out:1258 type:P dur:2 cpbdur:2 q:24.98 aq:15.67 tex:782527 mv:44928 misc:8985 imb:1748 pmb:8609 smb:4043 d:s ref:0 ;
in:1259 out:1259 type:B dur:2 cpbdur:2 q:25.01 aq:20.01 tex:59130 mv:27180 misc:11826 imb:131 pmb:4039 smb:10230 d:s ref:0 ;
in:1258 out:1260 type:b dur:2 cpbdur:2 q:25.03 aq:21.75 tex:23992 mv:14617 misc:9263 imb:34 pmb:2704 smb:11662 d:s ref:0 ;
in:1260 out:1261 type:b dur:2 cpbdur:2 q:25.00 aq:21.44 tex:24523 mv:14826 misc:9987 imb:74 pmb:2768 smb:11558 d:- ref:0 ;
in:1265 out:1262 type:P dur:2 cpbdur:2 q:24.92 aq:15.64 tex:840265 mv:43930 misc:8693 imb:1536 pmb:8508 smb:4356 d:s ref:0 ;
in:1263 out:1263 type:B dur:2 cpbdur:2 q:24.95 aq:20.19 tex:68310 mv:24540 misc:11622 imb:97 pmb:3885 smb:10418 d:s ref:0 ;
in:1262 out:1264 type:b dur:2 cpbdur:2 q:24.97 aq:21.90 tex:30073 mv:15412 misc:9483 imb:43 pmb:2720 smb:11637 d:s ref:0 ;
in:1264 out:1265 type:b dur:2 cpbdur:2 q:24.94 aq:21.35 tex:21857 mv:13713 misc:8750 imb:40 pmb:2288 smb:12072 d:- ref:0 ;
in:1269 out:1266 type:P dur:2 cpbdur:2 q:24.86 aq:15.78 tex:814368 mv:42108 misc:8500 imb:1657 pmb:8329 smb:4414 d:s ref:0 ;
in:1267 out:1267 type:B dur:2 cpbdur:2 q:24.89 aq:19.76 tex:73382 mv:27321 misc:12513 imb:126 pmb:4551 smb:9723 d:s ref:0 ;
in:1266 out:1268 type:b dur:2 cpbdur:2 q:24.91 aq:22.12 tex:25133 mv:15439 misc:8428 imb:52 pmb:2423 smb:11925 d:s ref:0 ;
in:1268 out:1269 type:b dur:2 cpbdur:2 q:24.88 aq:21.64 tex:26555 mv:14080 misc:9637 imb:65 pmb:2619 smb:11716 d:- ref:0 ;
in:1273 out:1270 type:P dur:2 cpbdur:2 q:24.80 aq:15.72 tex:884744 mv:46370 misc:8302 imb:1873 pmb:8701 smb:3826 d:s ref:0 ;
in:1271 out:1271 type:B dur:2 cpbdur:2 q:24.83 aq:20.36 tex:65079 mv:25316 misc:11589 imb:97 pmb:3862 smb:10441 d:s ref:0 ;
in:1270 out:1272 type:b dur:2 cpbdur:2 q:24.85 aq:21.34 tex:30675 mv:14949 misc:9576 imb:48 pmb:2740 smb:11612 d:s ref:0 ;
in:1272 out:1273 type:b dur:2 cpbdur:2 q:24.82 aq:21.85 tex:30065 mv:15340 misc:9195 imb:58 pmb:2492 smb:11850 d:- ref:0 ;
in:1277 out:1274 type:P dur:2 cpbdur:2 q:24.74 aq:15.58 tex:789247 mv:46677 misc:8884 imb:1778 pmb:8671 smb:3951 d:s ref:0 ;
in:1275 out:1275 type:B dur:2 cpbdur:2 q:24.77 aq:19.65 tex:61995 mv:25187 misc:11810 imb:95 pmb:3992 smb:10313 d:s ref:0 ;
in:1274 out:1276 type:b dur:2 cpbdur:2 q:24.79 aq:21.82 tex:26296 mv:12809 misc:8583 imb:44 pmb:2308 smb:12048 d:s ref:0 ;
in:1276 out:1277 type:b dur:2 cpbdur:2 q:24.76 aq:21.50 tex:38402 mv:19203 misc:10355 imb:59 pmb:3080 smb:11261 d:- ref:0 ;
in:1281 out:1278 type:P dur:2 cpbdur:2 q:24.69 aq:15.58 tex:857132 mv:48640 misc:8388 imb:1862 pmb:8906 smb:3632 d:s ref:0 ;
in:1279 out:1279 type:B dur:2 cpbdur:2 q:24.72 aq:19.56 tex:80556 mv:28606 misc:12358 imb:120 pmb:4469 smb:9811 d:s ref:0 ;
in:1278 out:1280 type:b dur:2 cpbdur:2 q:24.73 aq:21.86 tex:32019 mv:23007 misc:9846 imb:53 pmb:3837 smb:10510 d:s ref:0 ;
in:1280 out:1281 type:b dur:2 cpbdur:2 q:24.70 aq:21.45 tex:41121 mv:19665 misc:10374 imb:81 pmb:3014 smb:11305 d:- ref:0 ;
in:1285 out:1282 type:P dur:2 cpbdur:2 q:24.63 aq:15.52 tex:808021 mv:45427 misc:8840 imb:1781 pmb:8658 smb:3961 d:s ref:0 ;
in:1283 out:1283 type:B dur:2 cpbdur:2 q:24.66 aq:19.61 tex:90589 mv:31374 misc:13029 imb:165 pmb:5071 smb:9164 d:s ref:0 ;
in:1282 out:1284 type:b dur:2 cpbdur:2 q:24.67 aq:21.67 tex:23824 mv:15158 misc:9322 imb:46 pmb:2627 smb:11727 d:s ref:0 ;
in:1284 out:1285 type:b dur:2 cpbdur:2 q:24.65 aq:21.40 tex:30429 mv:16706 misc:9849 imb:58 pmb:2862 smb:11480 d:- ref:0 ;
in:1289 out:1286 type:P dur:2 cpbdur:2 q:24.57 aq:15.58 tex:864448 mv:45741 misc:8627 imb:1832 pmb:8667 smb:3901 d:s ref:0 ;
in:1287 out:1287 type:B dur:2 cpbdur:2 q:24.60 aq:20.09 tex:61104 mv:24384 misc:11480 imb:95 pmb:3748 smb:10557 d:s ref:0 ;
in:1286 out:1288 type:b dur:2 cpbdur:2 q:24.62 aq:21.38 tex:40108 mv:15800 misc:9964 imb:44 pmb:3032 smb:11324 d:s ref:0 ;
in:1288 out:1289 type:b dur:2 cpbdur:2 q:24.59 aq:21.71 tex:27467 mv:13859 misc:8754 imb:39 pmb:2337 smb:12024 d:- ref:0 ;
in:1293 out:1290 type:P dur:2 cpbdur:2 q:24.52 aq:15.75 tex:745024 mv:44356 misc:9132 imb:1737 pmb:8490 smb:4173 d:s ref:0 ;
in:1291 out:1291 type:B dur:2 cpbdur:2 q:24.54 aq:19.63 tex:84875 mv:28525 misc:12272 imb:118 pmb:4611 smb:9671 d:s ref:0 ;
in:1290 out:1292 type:b dur:2 cpbdur:2 q:24.56 aq:21.76 tex:22839 mv:9317 misc:7836 imb:32 pmb:1917 smb:12451 d:s ref:0 ;
in:1292 out:1293 type:b dur:2 cpbdur:2 q:24.53 aq:21.19 tex:41367 mv:19905 misc:11328 imb:102 pmb:3551 smb:10747 d:- ref:0 ;
in:1297 out:1294 type:P dur:2 cpbdur:2 q:24.46 aq:15.76 tex:1040781 mv:51653 misc:7526 imb:2516 pmb:8900 smb:2984 d:s ref:0 ;
in:1295 out:1295 type:B dur:2 cpbdur:2 q:24.49 aq:19.55 tex:86320 mv:27303 misc:12417 imb:109 pmb:4524 smb:9767 d:s ref:0 ;
in:1294 out:1296 type:b dur:2 cpbdur:2 q:24.50 aq:21.02 tex:39342 mv:13134 misc:9124 imb:43 pmb:2601 smb:11756 d:s ref:0 ;
in:1296 out:1297 type:b dur:2 cpbdur:2 q:24.47 aq:20.95 tex:43219 mv:19493 misc:11080 imb:85 pmb:3470 smb:10845 d:- ref:0 ;
in:1301 out:1298 type:P dur:2 cpbdur:2 q:24.41 aq:15.90 tex:669368 mv:44092 misc:9540 imb:1670 pmb:8485 smb:4245 d:s ref:0 ;
in:1299 out:1299 type:B dur:2 cpbdur:2 q:24.43 aq:19.61 tex:87757 mv:29178 misc:12513 imb:108 pmb:4697 smb:9595 d:s ref:0 ;
in:1298 out:1300 type:b dur:2 cpbdur:2 q:24.44 aq:21.51 tex:27037 mv:11757 misc:8702 imb:33 pmb:2276 smb:12091 d:s ref:0 ;
in:1300 out:1301 type:b dur:2 cpbdur:2 q:24.42 aq:21.32 tex:45056 mv:18028 misc:10332 imb:47 pmb:3223 smb:11130 d:- ref:0 ;
in:1305 out:1302 type:P dur:2 cpbdur:2 q:24.34 aq:16.19 tex:683291 mv:46774 misc:8887 imb:1778 pmb:8724 smb:3898 d:s ref:0 ;
in:1303 out:1303 type:B dur:2 cpbdur:2 q:24.38 aq:19.24 tex:99154 mv:29011 misc:12755 imb:111 pmb:5054 smb:9235 d:s ref:0 ;
in:1302 out:1304 type:b dur:2 cpbdur:2 q:24.39 aq:21.16 tex:29514 mv:13324 misc:8730 imb:55 pmb:2371 smb:11974 d:s ref:0 ;
in:1304 out:1305 type:b dur:2 cpbdur:2 q:24.36 aq:20.97 tex:54021 mv:21591 misc:11732 imb:73 pmb:4018 smb:10309 d:- ref:0 ;
in:1309 out:1306 type:P dur:2 cpbdur:2 q:24.28 aq:16.54 tex:537065 mv:46089 misc:9790 imb:1827 pmb:8527 smb:4046 d:s ref:0 ;
in:1307 out:1307 type:B dur:2 cpbdur:2 q:24.31 aq:19.27 tex:121001 mv:33777 misc:13086 imb:124 pmb:5880 smb:8396 d:s ref:0 ;
in:1306 out:1308 type:b dur:2 cpbdur:2 q:24.33 aq:21.21 tex:32377 mv:12375 misc:8912 imb:47 pmb:2357 smb:11996 d:s ref:0 ;
in:1308 out:1309 type:b dur:2 cpbdur:2 q:24.29 aq:21.21 tex:39908 mv:16545 misc:10003 imb:64 pmb:2865 smb:11471 d:- ref:0 ;
in:1313 out:1310 type:P dur:2 cpbdur:2 q:24.21 aq:17.66 tex:418441 mv:44335 misc:10664 imb:1663 pmb:8094 smb:4643 d:s ref:0 ;
in:1311 out:1311 type:B dur:2 cpbdur:2 q:24.25 aq:19.10 tex:126379 mv:33088 misc:12869 imb:118 pmb:5478 smb:8804 d:s ref:0 ;
in:1310 out:1312 type:b dur:2 cpbdur:2 q:24.26 aq:20.70 tex:44302 mv:17815 misc:10987 imb:54 pmb:3571 smb:10775 d:s ref:0 ;
in:1312 out:1313 type:b dur:2 cpbdur:2 q:24.23 aq:20.93 tex:43708 mv:15399 misc:9973 imb:34 pmb:3052 smb:11314 d:- ref:0 ;
in:1316 out:1314 type:P dur:2 cpbdur:2 q:24.13 aq:20.80 tex:91794 mv:19979 misc:11755 imb:735 pmb:4017 smb:9648 d:s ref:0 ;
in:1314 out:1315 type:B dur:2 cpbdur:2 q:24.18 aq:20.26 tex:106023 mv:22481 misc:11104 imb:90 pmb:4196 smb:10114 d:s ref:0 ;
in:1315 out:1316 type:b dur:2 cpbdur:2 q:24.16 aq:21.26 tex:57026 mv:16276 misc:9610 imb:49 pmb:3143 smb:11208 d:- ref:0 ;
in:1317 out:1317 type:I dur:2 cpbdur:2 q:21.54 aq:14.82 tex:3152222 mv:511469 misc:709 imb:14400 pmb:0 smb:0 d:s ref:;
in:1321 out:1318 type:P dur:2 cpbdur:2 q:24.22 aq:17.57 tex:930902 mv:86927 misc:5739 imb:1908 pmb:11114 smb:1378 d:s ref:0 ;
in:1319 out:1319 type:B dur:2 cpbdur:2 q:24.22 aq:19.60 tex:155534 mv:58294 misc:13884 imb:205 pmb:6856 smb:7339 d:s ref:0 ;
in:1318 out:1320 type:b dur:2 cpbdur:2 q:24.22 aq:21.15 tex:54037 mv:30925 misc:12046 imb:39 pmb:4316 smb:10045 d:s ref:0 ;
in:1320 out:1321 type:b dur:2 cpbdur:2 q:24.22 aq:20.92 tex:116553 mv:50579 misc:13700 imb:150 pmb:7374 smb:6876 d:- ref:0 ;
in:1325 out:1322 type:P dur:2 cpbdur:2 q:24.18 aq:17.69 tex:1146269 mv:97923 misc:3920 imb:3410 pmb:10088 smb:902 d:s ref:0 ;
in:1323 out:1323 type:B dur:2 cpbdur:2 q:24.20 aq:19.45 tex:267661 mv:79167 misc:11508 imb:396 pmb:10192 smb:3812 d:s ref:0 ;
in:1322 out:1324 type:b dur:2 cpbdur:2 q:24.21 aq:21.01 tex:59166 mv:32456 misc:11946 imb:67 pmb:4154 smb:10179 d:s ref:0 ;
in:1324 out:1325 type:b dur:2 cpbdur:2 q:24.19 aq:21.03 tex:78679 mv:38281 misc:12752 imb:146 pmb:4899 smb:9355 d:- ref:0 ;
in:1329 out:1326 type:P dur:2 cpbdur:2 q:24.13 aq:17.44 tex:1221808 mv:98229 misc:2163 imb:2954 pmb:11232 smb:214 d:s ref:0 w:0,1,-1 ;
in:1327 out:1327 type:B dur:2 cpbdur:2 q:24.15 aq:19.64 tex:191907 mv:72129 misc:13364 imb:367 pmb:8392 smb:5641 d:s ref:0 ;
in:1326 out:1328 type:b dur:2 cpbdur:2 q:24.16 aq:20.79 tex:113731 mv:49047 misc:13646 imb:179 pmb:7853 smb:6368 d:s ref:0 ;
in:1328 out:1329 type:b dur:2 cpbdur:2 q:24.14 aq:20.77 tex:113283 mv:51395 misc:13962 imb:146 pmb:7390 smb:6864 d:- ref:0 ;
in:1333 out:1330 type:P dur:2 cpbdur:2 q:24.08 aq:17.19 tex:1166116 mv:96060 misc:3800 imb:2573 pmb:11112 smb:715 d:s ref:0 ;
in:1331 out:1331 type:B dur:2 cpbdur:2 q:24.11 aq:19.28 tex:215923 mv:67915 misc:13274 imb:258 pmb:8699 smb:5443 d:s ref:0 ;
in:1330 out:1332 type:b dur:2 cpbdur:2 q:24.12 aq:20.57 tex:58387 mv:28047 misc:11702 imb:79 pmb:3885 smb:10436 d:s ref:0 ;
in:1332 out:1333 type:b dur:2 cpbdur:2 q:24.10 aq:20.93 tex:87065 mv:41363 misc:13292 imb:119 pmb:5613 smb:8668 d:- ref:0 ;
in:1337 out:1334 type:P dur:2 cpbdur:2 q:24.12 aq:17.20 tex:1140493 mv:92298 misc:4305 imb:2337 pmb:11056 smb:1007 d:s ref:0 ;
in:1335 out:1335 type:B dur:2 cpbdur:2 q:24.10 aq:19.31 tex:215108 mv:66948 misc:13056 imb:252 pmb:8560 smb:5588 d:s ref:0 ;
in:1334 out:1336 type:b dur:2 cpbdur:2 q:24.09 aq:20.60 tex:81440 mv:33507 misc:12789 imb:60 pmb:5257 smb:9083 d:s ref:0 ;
in:1336 out:1337 type:b dur:2 cpbdur:2 q:24.11 aq:20.80 tex:128289 mv:50395 misc:13196 imb:174 pmb:7853 smb:6373 d:- ref:0 ;
in:1341 out:1338 type:P dur:2 cpbdur:2 q:24.12 aq:17.33 tex:1110030 mv:92000 misc:4370 imb:2311 pmb:11000 smb:1089 d:s ref:0 ;
in:1339 out:1339 type:B dur:2 cpbdur:2 q:24.12 aq:19.54 tex:263618 mv:74465 misc:11013 imb:265 pmb:10350 smb:3785 d:s ref:0 ;
in:1338 out:1340 type:b dur:2 cpbdur:2 q:24.12 aq:20.74 tex:64577 mv:27933 misc:11802 imb:59 pmb:4144 smb:10197 d:s ref:0 ;
in:1340 out:1341 type:b dur:2 cpbdur:2 q:24.12 aq:20.67 tex:94279 mv:41298 misc:13223 imb:105 pmb:5844 smb:8451 d:- ref:0 ;
in:1345 out:1342 type:P dur:2 cpbdur:2 q:24.12 aq:17.26 tex:1235716 mv:97206 misc:3598 imb:2643 pmb:11000 smb:757 d:s ref:0 ;
in:1343 out:1343 type:B dur:2 cpbdur:2 q:24.12 aq:19.38 tex:213383 mv:63862 misc:13251 imb:221 pmb:8337 smb:5842 d:s ref:0 ;
in:1342 out:1344 type:b dur:2 cpbdur:2 q:24.12 aq:20.78 tex:108543 mv:40470 misc:13595 imb:139 pmb:6919 smb:7342 d:s ref:0 ;
in:1344 out:1345 type:b dur:2 cpbdur:2 q:24.12 aq:20.76 tex:124082 mv:48914 misc:13388 imb:140 pmb:7459 smb:6801 d:- ref:0 ;
in:1349 out:1346 type:P dur:2 cpbdur:2 q:24.15 aq:17.73 tex:994610 mv:86551 misc:5255 imb:1996 pmb:10984 smb:1420 d:s ref:0 ;
in:1347 out:1347 type:B dur:2 cpbdur:2 q:24.13 aq:19.44 tex:229112 mv:68690 misc:12294 imb:253 pmb:9380 smb:4767 d:s ref:0 ;
in:1346 out:1348 type:b dur:2 cpbdur:2 q:24.13 aq:20.74 tex:56608 mv:25800 misc:11296 imb:43 pmb:3723 smb:10634 d:s ref:0 ;
in:1348 out:1349 type:b dur:2 cpbdur:2 q:24.14 aq:20.74 tex:78435 mv:35676 misc:12369 imb:95 pmb:4827 smb:9478 d:- ref:0 ;
in:1353 out:1350 type:P dur:2 cpbdur:2 q:24.15 aq:17.43 tex:1161058 mv:98976 misc:2606 imb:2797 pmb:11281 smb:322 d:s ref:0 w:0,1,-1 ;
in:1351 out:1351 type:B dur:2 cpbdur:2 q:24.15 aq:19.67 tex:186001 mv:73320 misc:13431 imb:387 pmb:8376 smb:5637 d:s ref:0 ;
in:1350 out:1352 type:b dur:2 cpbdur:2 q:24.15 aq:20.75 tex:106629 mv:46695 misc:13900 imb:189 pmb:7275 smb:6936 d:s ref:0 ;
in:1352 out:1353 type:b dur:2 cpbdur:2 q:24.15 aq:20.87 tex:112374 mv:51583 misc:13923 imb:155 pmb:7169 smb:7076 d:- ref:0 ;
in:1357 out:1354 type:P dur:2 cpbdur:2 q:24.17 aq:17.30 tex:1048252 mv:92575 misc:4453 imb:2447 pmb:10989 smb:964 d:s ref:0 ;
in:1355 out:1355 type:B dur:2 cpbdur:2 q:24.16 aq:19.42 tex:213681 mv:69434 misc:12869 imb:230 pmb:9168 smb:5002 d:s ref:0 ;
in:1354 out:1356 type:b dur:2 cpbdur:2 q:24.15 aq:20.77 tex:56815 mv:26581 misc:11484 imb:56 pmb:3709 smb:10635 d:s ref:0 ;
in:1356 out:1357 type:b dur:2 cpbdur:2 q:24.16 aq:20.91 tex:77096 mv:39139 misc:13245 imb:76 pmb:5516 smb:8808 d:- ref:0 ;
in:1361 out:1358 type:P dur:2 cpbdur:2 q:24.17 aq:17.39 tex:1080980 mv:93722 misc:4538 imb:2339 pmb:10982 smb:1079 d:s ref:0 ;
in:1359 out:1359 type:B dur:2 cpbdur:2 q:24.17 aq:19.30 tex:196560 mv:66577 misc:13375 imb:223 pmb:8281 smb:5896 d:s ref:0 ;
in:1358 out:1360 type:b dur:2 cpbdur:2 q:24.17 aq:20.91 tex:77317 mv:36255 misc:13308 imb:68 pmb:5661 smb:8671 d:s ref:0 ;
in:1360 out:1361 type:b dur:2 cpbdur:2 q:24.17 aq:20.78 tex:117492 mv:48388 misc:13152 imb:140 pmb:7477 smb:6783 d:- ref:0 ;
in:1365 out:1362 type:P dur:2 cpbdur:2 q:24.16 aq:17.54 tex:1032251 mv:92164 misc:4657 imb:2372 pmb:10878 smb:1150 d:s ref:0 ;
in:1363 out:1363 type:B dur:2 cpbdur:2 q:24.16 aq:19.55 tex:238308 mv:72061 misc:11959 imb:308 pmb:9744 smb:4348 d:s ref:0 ;
in:1362 out:1364 type:b dur:2 cpbdur:2 q:24.16 aq:20.88 tex:56598 mv:27073 misc:11617 imb:63 pmb:3837 smb:10500 d:s ref:0 ;
in:1364 out:1365 type:b dur:2 cpbdur:2 q:24.16 aq:20.69 tex:82869 mv:38391 misc:13004 imb:105 pmb:5296 smb:8999 d:- ref:0 ;
in:1369 out:1366 type:P dur:2 cpbdur:2 q:24.13 aq:17.49 tex:1275962 mv:99092 misc:3210 imb:3008 pmb:10800 smb:592 d:s ref:0 ;
in:1367 out:1367 type:B dur:2 cpbdur:2 q:24.15 aq:19.27 tex:211732 mv:69388 misc:12664 imb:252 pmb:9391 smb:4757 d:s ref:0 ;
in:1366 out:1368 type:b dur:2 cpbdur:2 q:24.15 aq:20.66 tex:89019 mv:38677 misc:13368 imb:69 pmb:6396 smb:7935 d:s ref:0 ;
in:1368 out:1369 type:b dur:2 cpbdur:2 q:24.14 aq:20.69 tex:98656 mv:45087 misc:13745 imb:144 pmb:6531 smb:7725 d:- ref:0 ;
in:1373 out:1370 type:P dur:2 cpbdur:2 q:24.12 aq:17.82 tex:1033009 mv:95257 misc:4374 imb:2685 pmb:10706 smb:1009 d:s ref:0 ;
in:1371 out:1371 type:B dur:2 cpbdur:2 q:24.13 aq:19.45 tex:226049 mv:66933 misc:12722 imb:215 pmb:9082 smb:5103 d:s ref:0 ;
in:1370 out:1372 type:b dur:2 cpbdur:2 q:24.13 aq:20.75 tex:52577 mv:24029 misc:10850 imb:40 pmb:3400 smb:10960 d:s ref:0 ;
in:1372 out:1373 type:b dur:2 cpbdur:2 q:24.13 aq:20.84 tex:70916 mv:35927 misc:12429 imb:111 pmb:4617 smb:9672 d:- ref:0 ;
in:1377 out:1374 type:P dur:2 cpbdur:2 q:24.14 aq:17.82 tex:1244527 mv:104547 misc:2494 imb:3907 pmb:10147 smb:346 d:s ref:0 ;
in:1375 out:1375 type:B dur:2 cpbdur:2 q:24.13 aq:19.61 tex:183920 mv:70238 misc:13682 imb:280 pmb:8379 smb:5741 d:s ref:0 ;
in:1374 out:1376 type:b dur:2 cpbdur:2 q:24.13 aq:20.76 tex:121961 mv:47613 misc:13634 imb:199 pmb:8183 smb:6018 d:s ref:0 ;
in:1376 out:1377 type:b dur:2 cpbdur:2 q:24.13 aq:20.87 tex:109809 mv:48862 misc:13841 imb:113 pmb:7068 smb:7219 d:- ref:0 ;
in:1381 out:1378 type:P dur:2 cpbdur:2 q:24.14 aq:17.81 tex:932921 mv:93662 misc:4521 imb:2373 pmb:11074 smb:953 d:s ref:0 ;
in:1379 out:1379 type:B dur:2 cpbdur:2 q:24.14 aq:19.33 tex:216396 mv:68021 misc:12943 imb:210 pmb:8818 smb:5372 d:s ref:0 ;
in:1378 out:1380 type:b dur:2 cpbdur:2 q:24.14 aq:20.56 tex:58822 mv:25901 misc:11277 imb:51 pmb:3839 smb:10510 d:s ref:0 ;
in:1380 out:1381 type:b dur:2 cpbdur:2 q:24.14 aq:20.87 tex:78667 mv:39368 misc:13173 imb:81 pmb:5542 smb:8777 d:- ref:0 ;
in:1385 out:1382 type:P dur:2 cpbdur:2 q:24.15 aq:18.18 tex:867885 mv:93181 misc:4878 imb:2437 pmb:10859 smb:1104 d:s ref:0 ;
in:1383 out:1383 type:B dur:2 cpbdur:2 q:24.15 aq:19.33 tex:210107 mv:66360 misc:12917 imb:192 pmb:8555 smb:5653 d:s ref:0 ;
in:1382 out:1384 type:b dur:2 cpbdur:2 q:24.15 aq:20.82 tex:81790 mv:33309 misc:12941 imb:62 pmb:5401 smb:8937 d:s ref:0 ;
in:1384 out:1385 type:b dur:2 cpbdur:2 q:24.15 aq:20.87 tex:127735 mv:49868 misc:13325 imb:136 pmb:8040 smb:6224 d:- ref:0 ;
in:1389 out:1386 type:P dur:2 cpbdur:2 q:24.14 aq:19.73 tex:522486 mv:81912 misc:7970 imb:2245 pmb:9418 smb:2737 d:s ref:0 ;
in:1387 out:1387 type:B dur:2 cpbdur:2 q:24.15 aq:19.69 tex:283623 mv:71452 misc:11013 imb:249 pmb:10238 smb:3913 d:s ref:0 ;
in:1386 out:1388 type:b dur:2 cpbdur:2 q:24.15 aq:20.95 tex:61498 mv:27517 misc:11865 imb:63 pmb:4149 smb:10188 d:s ref:0 ;
in:1388 out:1389 type:b dur:2 cpbdur:2 q:24.14 aq:20.75 tex:105493 mv:42687 misc:13300 imb:116 pmb:6316 smb:7968 d:- ref:0 ;
in:1390 out:1390 type:P dur:2 cpbdur:2 q:24.07 aq:20.85 tex:189204 mv:39596 misc:12840 imb:627 pmb:7211 smb:6562 d:s ref:0 ;
in:1391 out:1391 type:I dur:2 cpbdur:2 q:21.23 aq:13.44 tex:2802309 mv:423443 misc:544 imb:14400 pmb:0 smb:0 d:s ref:;
in:1395 out:1392 type:P dur:2 cpbdur:2 q:24.23 aq:16.50 tex:512881 mv:58381 misc:7370 imb:736 pmb:10707 smb:2957 d:s ref:0 ;
in:1393 out:1393 type:B dur:2 cpbdur:2 q:24.23 aq:19.07 tex:43284 mv:33373 misc:12143 imb:46 pmb:4568 smb:9786 d:s ref:0 ;
in:1392 out:1394 type:b dur:2 cpbdur:2 q:24.23 aq:20.19 tex:10886 mv:14691 misc:9495 imb:21 pmb:2710 smb:11669 d:s ref:0 ;
in:1394 out:1395 type:b dur:2 cpbdur:2 q:24.23 aq:20.49 tex:17272 mv:15127 misc:9105 imb:19 pmb:2580 smb:11801 d:- ref:0 ;
in:1399 out:1396 type:P dur:2 cpbdur:2 q:24.19 aq:16.54 tex:831647 mv:66987 misc:5694 imb:1401 pmb:10188 smb:2811 d:s ref:0 ;
in:1397 out:1397 type:B dur:2 cpbdur:2 q:24.21 aq:19.00 tex:108569 mv:44630 misc:11681 imb:99 pmb:7184 smb:7117 d:s ref:0 ;
in:1396 out:1398 type:b dur:2 cpbdur:2 q:24.22 aq:20.20 tex:19674 mv:18722 misc:9388 imb:31 pmb:2703 smb:11666 d:s ref:0 ;
in:1398 out:1399 type:b dur:2 cpbdur:2 q:24.20 aq:19.91 tex:20861 mv:14685 misc:8710 imb:32 pmb:2527 smb:11841 d:- ref:0 ;
in:1403 out:1400 type:P dur:2 cpbdur:2 q:24.15 aq:16.41 tex:916718 mv:75307 misc:5551 imb:1669 pmb:11019 smb:1712 d:s ref:0 ;
in:1401 out:1401 type:B dur:2 cpbdur:2 q:24.17 aq:19.23 tex:88619 mv:43733 misc:12792 imb:98 pmb:6563 smb:7739 d:s ref:0 ;
in:1400 out:1402 type:b dur:2 cpbdur:2 q:24.18 aq:20.38 tex:40893 mv:28857 misc:12354 imb:56 pmb:4689 smb:9655 d:s ref:0 ;
in:1402 out:1403 type:b dur:2 cpbdur:2 q:24.16 aq:20.27 tex:28657 mv:18762 misc:10973 imb:48 pmb:3435 smb:10917 d:- ref:0 ;
in:1407 out:1404 type:P dur:2 cpbdur:2 q:24.12 aq:16.43 tex:783041 mv:71962 misc:5773 imb:1343 pmb:11343 smb:1714 d:s ref:0 ;
in:1405 out:1405 type:B dur:2 cpbdur:2 q:24.14 aq:19.06 tex:45780 mv:31951 misc:12549 imb:92 pmb:4847 smb:9461 d:s ref:0 ;
in:1404 out:1406 type:b dur:2 cpbdur:2 q:24.14 aq:20.06 tex:31461 mv:24031 misc:11132 imb:72 pmb:4086 smb:10242 d:s ref:0 ;
in:1406 out:1407 type:b dur:2 cpbdur:2 q:24.13 aq:19.96 tex:26583 mv:16819 misc:9918 imb:28 pmb:3164 smb:11208 d:- ref:0 ;
in:1411 out:1408 type:P dur:2 cpbdur:2 q:24.06 aq:16.26 tex:875498 mv:72684 misc:5626 imb:1553 pmb:11171 smb:1676 d:s ref:0 ;
in:1409 out:1409 type:B dur:2 cpbdur:2 q:24.09 aq:18.78 tex:109345 mv:41344 misc:12639 imb:82 pmb:7240 smb:7078 d:s ref:0 ;
in:1408 out:1410 type:b dur:2 cpbdur:2 q:24.11 aq:20.16 tex:26376 mv:20804 misc:9860 imb:37 pmb:3089 smb:11274 d:s ref:0 ;
in:1410 out:1411 type:b dur:2 cpbdur:2 q:24.08 aq:19.98 tex:29706 mv:16482 misc:10140 imb:46 pmb:3393 smb:10961 d:- ref:0 ;
in:1415 out:1412 type:P dur:2 cpbdur:2 q:23.99 aq:16.14 tex:907117 mv:69158 misc:5797 imb:1371 pmb:10907 smb:2122 d:s ref:0 ;
in:1413 out:1413 type:B dur:2 cpbdur:2 q:24.03 aq:18.76 tex:138010 mv:46599 misc:11671 imb:117 pmb:8152 smb:6131 d:s ref:0 ;
in:1412 out:1414 type:b dur:2 cpbdur:2 q:24.05 aq:20.13 tex:27145 mv:21375 misc:10440 imb:38 pmb:3223 smb:11139 d:s ref:0 ;
in:1414 out:1415 type:b dur:2 cpbdur:2 q:24.01 aq:20.22 tex:25768 mv:14692 misc:9548 imb:24 pmb:2877 smb:11499 d:- ref:0 ;
in:1419 out:1416 type:P dur:2 cpbdur:2 q:23.94 aq:16.25 tex:898167 mv:68101 misc:5812 imb:1233 pmb:10728 smb:2439 d:s ref:0 ;
in:1417 out:1417 type:B dur:2 cpbdur:2 q:23.96 aq:18.63 tex:85927 mv:38136 misc:12193 imb:60 pmb:6047 smb:8293 d:s ref:0 ;
in:1416 out:1418 type:b dur:2 cpbdur:2 q:23.98 aq:20.14 tex:44029 mv:25328 misc:11491 imb:50 pmb:4355 smb:9995 d:s ref:0 ;
in:1418 out:1419 type:b dur:2 cpbdur:2 q:23.95 aq:19.85 tex:23361 mv:15678 misc:9081 imb:33 pmb:2819 smb:11548 d:- ref:0 ;
in:1423 out:1420 type:P dur:2 cpbdur:2 q:23.88 aq:16.34 tex:826182 mv:71196 misc:5766 imb:1305 pmb:11238 smb:1857 d:s ref:0 ;
in:1421 out:1421 type:B dur:2 cpbdur:2 q:23.91 aq:18.99 tex:54694 mv:32829 misc:12653 imb:75 pmb:5285 smb:9040 d:s ref:0 ;
in:1420 out:1422 type:b dur:2 cpbdur:2 q:23.92 aq:19.85 tex:34182 mv:24138 misc:10936 imb:56 pmb:4061 smb:10283 d:s ref:0 ;
in:1422 out:1423 type:b dur:2 cpbdur:2 q:23.90 aq:19.70 tex:28542 mv:16693 misc:9789 imb:31 pmb:3153 smb:11216 d:- ref:0 ;
in:1427 out:1424 type:P dur:2 cpbdur:2 q:23.86 aq:16.34 tex:881877 mv:70768 misc:5859 imb:1482 pmb:10843 smb:2075 d:s ref:0 ;
in:1425 out:1425 type:B dur:2 cpbdur:2 q:23.87 aq:18.60 tex:119130 mv:41870 misc:12072 imb:116 pmb:7495 smb:6789 d:s ref:0 ;
in:1424 out:1426 type:b dur:2 cpbdur:2 q:23.88 aq:19.83 tex:32958 mv:23517 misc:10661 imb:60 pmb:3530 smb:10810 d:s ref:0 ;
in:1426 out:1427 type:b dur:2 cpbdur:2 q:23.87 aq:19.81 tex:31461 mv:17591 misc:10476 imb:56 pmb:3659 smb:10685 d:- ref:0 ;
in:1431 out:1428 type:P dur:2 cpbdur:2 q:23.83 aq:16.24 tex:915367 mv:73985 misc:5408 imb:1520 pmb:11120 smb:1760 d:s ref:0 ;
in:1429 out:1429 type:B dur:2 cpbdur:2 q:23.84 aq:18.58 tex:152455 mv:49250 misc:11375 imb:116 pmb:8230 smb:6054 d:s ref:0 ;
in:1428 out:1430 type:b dur:2 cpbdur:2 q:23.85 aq:19.99 tex:29766 mv:24182 misc:11508 imb:45 pmb:3917 smb:10438 d:s ref:0 ;
in:1430 out:1431 type:b dur:2 cpbdur:2 q:23.84 aq:19.88 tex:26503 mv:17474 misc:9975 imb:24 pmb:3052 smb:11324 d:- ref:0 ;
in:1435 out:1432 type:P dur:2 cpbdur:2 q:23.79 aq:16.30 tex:914657 mv:72908 misc:5459 imb:1421 pmb:11178 smb:1801 d:s ref:0 ;
in:1433 out:1433 type:B dur:2 cpbdur:2 q:23.81 aq:18.74 tex:96861 mv:42448 misc:13067 imb:87 pmb:6580 smb:7733 d:s ref:0 ;
in:1432 out:1434 type:b dur:2 cpbdur:2 q:23.82 aq:19.97 tex:45798 mv:29085 misc:12013 imb:71 pmb:4707 smb:9622 d:s ref:0 ;
in:1434 out:1435 type:b dur:2 cpbdur:2 q:23.80 aq:19.62 tex:28737 mv:18716 misc:10371 imb:48 pmb:3425 smb:10927 d:- ref:0 ;
in:1439 out:1436 type:P dur:2 cpbdur:2 q:23.74 aq:16.41 tex:852614 mv:73844 misc:5246 imb:1512 pmb:11407 smb:1481 d:s ref:0 ;
in:1437 out:1437 type:B dur:2 cpbdur:2 q:23.76 aq:18.83 tex:77085 mv:40826 misc:13865 imb:113 pmb:6743 smb:7544 d:s ref:0 ;
in:1436 out:1438 type:b dur:2 cpbdur:2 q:23.78 aq:20.02 tex:40558 mv:26588 misc:12070 imb:67 pmb:4736 smb:9597 d:s ref:0 ;
in:1438 out:1439 type:b dur:2 cpbdur:2 q:23.75 aq:19.90 tex:31158 mv:18345 misc:10305 imb:41 pmb:3422 smb:10937 d:- ref:0 ;
in:1443 out:1440 type:P dur:2 cpbdur:2 q:23.69 aq:15.96 tex:1127725 mv:78805 misc:3982 imb:2074 pmb:11455 smb:871 d:s ref:0 ;
in:1441 out:1441 type:B dur:2 cpbdur:2 q:23.71 aq:18.61 tex:202179 mv:45573 misc:11560 imb:124 pmb:9080 smb:5196 d:s ref:0 ;
in:1440 out:1442 type:b dur:2 cpbdur:2 q:23.73 aq:19.83 tex:40447 mv:24639 misc:11546 imb:65 pmb:3984 smb:10351 d:s ref:0 ;
in:1442 out:1443 type:b dur:2 cpbdur:2 q:23.70 aq:19.88 tex:33620 mv:18638 misc:11046 imb:26 pmb:3836 smb:10538 d:- ref:0 ;
in:1447 out:1444 type:P dur:2 cpbdur:2 q:23.66 aq:15.84 tex:932960 mv:68219 misc:5853 imb:1346 pmb:10934 smb:2120 d:s ref:0 ;
in:1445 out:1445 type:B dur:2 cpbdur:2 q:23.68 aq:18.46 tex:156737 mv:48588 misc:10963 imb:105 pmb:8397 smb:5898 d:s ref:0 ;
in:1444 out:1446 type:b dur:2 cpbdur:2 q:23.68 aq:19.74 tex:26696 mv:21360 misc:10016 imb:46 pmb:3233 smb:11121 d:s ref:0 ;
in:1446 out:1447 type:b dur:2 cpbdur:2 q:23.67 aq:19.74 tex:27648 mv:15454 misc:9458 imb:26 pmb:2926 smb:11448 d:- ref:0 ;
in:1451 out:1448 type:P dur:2 cpbdur:2 q:23.64 aq:15.88 tex:986271 mv:69705 misc:5608 imb:1288 pmb:11130 smb:1982 d:s ref:0 ;
in:1449 out:1449 type:B dur:2 cpbdur:2 q:23.65 aq:18.55 tex:109303 mv:43107 misc:12494 imb:70 pmb:7347 smb:6983 d:s ref:0 ;
in:1448 out:1450 type:b dur:2 cpbdur:2 q:23.66 aq:19.79 tex:51225 mv:28650 misc:11957 imb:47 pmb:4952 smb:9401 d:s ref:0 ;
in:1450 out:1451 type:b dur:2 cpbdur:2 q:23.64 aq:19.75 tex:33146 mv:18792 misc:10894 imb:34 pmb:3747 smb:10619 d:- ref:0 ;
in:1455 out:1452 type:P dur:2 cpbdur:2 q:23.59 aq:16.01 tex:876325 mv:69618 misc:5689 imb:1204 pmb:11355 smb:1841 d:s ref:0 ;
in:1453 out:1453 type:B dur:2 cpbdur:2 q:23.61 aq:18.71 tex:65066 mv:36281 misc:12917 imb:67 pmb:5846 smb:8487 d:s ref:0 ;
in:1452 out:1454 type:b dur:2 cpbdur:2 q:23.63 aq:19.63 tex:46879 mv:28813 misc:12220 imb:77 pmb:5137 smb:9186 d:s ref:0 ;
in:1454 out:1455 type:b dur:2 cpbdur:2 q:23.60 aq:19.27 tex:26580 mv:15744 misc:9668 imb:35 pmb:3070 smb:11295 d:- ref:0 ;
in:1459 out:1456 type:P dur:2 cpbdur:2 q:23.56 aq:15.97 tex:922335 mv:74655 misc:5074 imb:1596 pmb:11325 smb:1479 d:s ref:0 ;
in:1457 out:1457 type:B dur:2 cpbdur:2 q:23.58 aq:18.36 tex:118953 mv:44769 misc:12558 imb:102 pmb:7611 smb:6687 d:s ref:0 ;
in:1456 out:1458 type:b dur:2 cpbdur:2 q:23.58 aq:20.06 tex:36651 mv:26283 misc:11258 imb:45 pmb:3890 smb:10465 d:s ref:0 ;
in:1458 out:1459 type:b dur:2 cpbdur:2 q:23.57 aq:19.83 tex:37130 mv:18248 misc:10990 imb:52 pmb:3994 smb:10354 d:- ref:0 ;
in:1463 out:1460 type:P dur:2 cpbdur:2 q:23.52 aq:15.97 tex:952608 mv:70948 misc:5644 imb:1430 pmb:10789 smb:2181 d:s ref:0 ;
in:1461 out:1461 type:B dur:2 cpbdur:2 q:23.54 aq:18.26 tex:181856 mv:52722 misc:11190 imb:142 pmb:9105 smb:5153 d:s ref:0 ;
in:1460 out:1462 type:b dur:2 cpbdur:2 q:23.55 aq:19.55 tex:34254 mv:23848 misc:11018 imb:42 pmb:3863 smb:10495 d:s ref:0 ;
in:1462 out:1463 type:b dur:2 cpbdur:2 q:23.53 aq:19.56 tex:33425 mv:18461 misc:10530 imb:38 pmb:3597 smb:10765 d:- ref:0 ;
in:1467 out:1464 type:P dur:2 cpbdur:2 q:23.46 aq:15.87 tex:988244 mv:75093 misc:5247 imb:1514 pmb:11198 smb:1688 d:s ref:0 ;
in:1465 out:1465 type:B dur:2 cpbdur:2 q:23.49 aq:18.47 tex:107538 mv:49299 misc:13323 imb:118 pmb:7362 smb:6920 d:s ref:0 ;
in:1464 out:1466 type:b dur:2 cpbdur:2 q:23.51 aq:19.87 tex:61933 mv:33442 misc:13017 imb:52 pmb:5745 smb:8603 d:s ref:0 ;
in:1466 out:1467 type:b dur:2 cpbdur:2 q:23.47 aq:19.73 tex:43330 mv:27048 misc:12406 imb:50 pmb:4713 smb:9637 d:- ref:0 ;
in:1471 out:1468 type:P dur:2 cpbdur:2 q:23.42 aq:15.84 tex:905732 mv:74906 misc:5202 imb:1517 pmb:11491 smb:1392 d:s ref:0 ;
in:1469 out:1469 type:B dur:2 cpbdur:2 q:23.44 aq:18.73 tex:64163 mv:41795 misc:13674 imb:98 pmb:6362 smb:7940 d:s ref:0 ;
in:1468 out:1470 type:b dur:2 cpbdur:2 q:23.45 aq:19.64 tex:53337 mv:33617 misc:13150 imb:93 pmb:5760 smb:8547 d:s ref:0 ;
in:1470 out:1471 type:b dur:2 cpbdur:2 q:23.43 aq:19.61 tex:34433 mv:20276 misc:11907 imb:35 pmb:4208 smb:10157 d:- ref:0 ;
in:1475 out:1472 type:P dur:2 cpbdur:2 q:23.38 aq:15.72 tex:1004519 mv:74261 misc:5068 imb:1529 pmb:11372 smb:1499 d:s ref:0 ;
in:1473 out:1473 type:B dur:2 cpbdur:2 q:23.40 aq:18.06 tex:141967 mv:46528 misc:12289 imb:95 pmb:8560 smb:5745 d:s ref:0 ;
in:1472 out:1474 type:b dur:2 cpbdur:2 q:23.41 aq:19.59 tex:37842 mv:25856 misc:11166 imb:52 pmb:3933 smb:10415 d:s ref:0 ;
in:1474 out:1475 type:b dur:2 cpbdur:2 q:23.39 aq:19.57 tex:38109 mv:18728 misc:11547 imb:57 pmb:4296 smb:10047 d:- ref:0 ;
in:1479 out:1476 type:P dur:2 cpbdur:2 q:23.35 aq:15.44 tex:1009507 mv:75861 misc:4752 imb:1562 pmb:11632 smb:1206 d:s ref:0 ;
in:1477 out:1477 type:B dur:2 cpbdur:2 q:23.36 aq:18.19 tex:164788 mv:51644 misc:11128 imb:113 pmb:9184 smb:5103 d:s ref:0 ;
in:1476 out:1478 type:b dur:2 cpbdur:2 q:23.37 aq:19.70 tex:37233 mv:29142 misc:12169 imb:38 pmb:4521 smb:9841 d:s ref:0 ;
in:1478 out:1479 type:b dur:2 cpbdur:2 q:23.36 aq:19.53 tex:32948 mv:16751 misc:10389 imb:26 pmb:3425 smb:10949 d:- ref:0 ;
in:1483 out:1480 type:P dur:2 cpbdur:2 q:23.31 aq:15.48 tex:999698 mv:69834 misc:5588 imb:1283 pmb:11123 smb:1994 d:s ref:0 ;
in:1481 out:1481 type:B dur:2 cpbdur:2 q:23.33 aq:18.16 tex:105106 mv:42502 misc:12536 imb:87 pmb:6998 smb:7315 d:s ref:0 ;
in:1480 out:1482 type:b dur:2 cpbdur:2 q:23.34 aq:19.34 tex:53882 mv:28377 misc:11397 imb:47 pmb:5034 smb:9319 d:s ref:0 ;
in:1482 out:1483 type:b dur:2 cpbdur:2 q:23.32 aq:19.26 tex:33470 mv:18345 misc:9993 imb:33 pmb:3583 smb:10784 d:- ref:0 ;
in:1487 out:1484 type:P dur:2 cpbdur:2 q:23.27 aq:15.63 tex:934912 mv:71903 misc:5225 imb:1349 pmb:11530 smb:1521 d:s ref:0 ;
in:1485 out:1485 type:B dur:2 cpbdur:2 q:23.29 aq:18.26 tex:70405 mv:36064 misc:13347 imb:88 pmb:6350 smb:7962 d:s ref:0 ;
in:1484 out:1486 type:b dur:2 cpbdur:2 q:23.30 aq:19.37 tex:45975 mv:28006 misc:11739 imb:78 pmb:5098 smb:9224 d:s ref:0 ;
in:1486 out:1487 type:b dur:2 cpbdur:2 q:23.28 aq:19.35 tex:34575 mv:17939 misc:10566 imb:27 pmb:3699 smb:10674 d:- ref:0 ;
in:1491 out:1488 type:P dur:2 cpbdur:2 q:23.23 aq:15.35 tex:1027618 mv:78240 misc:4054 imb:1746 pmb:11790 smb:864 d:s ref:0 ;
in:1489 out:1489 type:B dur:2 cpbdur:2 q:23.25 aq:17.90 tex:136085 mv:47237 misc:12750 imb:104 pmb:8551 smb:5745 d:s ref:0 ;
in:1488 out:1490 type:b dur:2 cpbdur:2 q:23.26 aq:19.49 tex:38043 mv:25225 misc:11116 imb:40 pmb:3931 smb:10429 d:s ref:0 ;
in:1490 out:1491 type:b dur:2 cpbdur:2 q:23.24 aq:19.29 tex:43303 mv:20505 misc:11376 imb:43 pmb:4598 smb:9759 d:- ref:0 ;
in:1495 out:1492 type:P dur:2 cpbdur:2 q:23.20 aq:15.27 tex:998809 mv:69004 misc:5475 imb:1304 pmb:11267 smb:1829 d:s ref:0 ;
in:1493 out:1493 type:B dur:2 cpbdur:2 q:23.22 aq:17.90 tex:177180 mv:51387 misc:11041 imb:120 pmb:9120 smb:5160 d:s ref:0 ;
in:1492 out:1494 type:b dur:2 cpbdur:2 q:23.23 aq:19.34 tex:30438 mv:22461 misc:10669 imb:32 pmb:3726 smb:10642 d:s ref:0 ;
in:1494 out:1495 type:b dur:2 cpbdur:2 q:23.21 aq:19.39 tex:34630 mv:18155 misc:10767 imb:21 pmb:3613 smb:10766 d:- ref:0 ;
in:1499 out:1496 type:P dur:2 cpbdur:2 q:23.17 aq:15.19 tex:1066889 mv:73013 misc:5114 imb:1257 pmb:11596 smb:1547 d:s ref:0 ;
in:1497 out:1497 type:B dur:2 cpbdur:2 q:23.19 aq:18.03 tex:126092 mv:46445 misc:12383 imb:87 pmb:7918 smb:6395 d:s ref:0 ;
in:1496 out:1498 type:b dur:2 cpbdur:2 q:23.20 aq:19.38 tex:58653 mv:29499 misc:12080 imb:56 pmb:5338 smb:9006 d:s ref:0 ;
in:1498 out:1499 type:b dur:2 cpbdur:2 q:23.18 aq:19.37 tex:32889 mv:16967 misc:10792 imb:27 pmb:3609 smb:10764 d:- ref:0 ;
in:1503 out:1500 type:P dur:2 cpbdur:2 q:23.14 aq:15.25 tex:953329 mv:70938 misc:5213 imb:1240 pmb:11747 smb:1413 d:s ref:0 ;
in:1501 out:1501 type:B dur:2 cpbdur:2 q:23.15 aq:18.06 tex:70717 mv:35259 misc:12616 imb:63 pmb:5565 smb:8772 d:s ref:0 ;
in:1500 out:1502 type:b dur:2 cpbdur:2 q:23.16 aq:19.09 tex:41659 mv:23120 misc:11221 imb:50 pmb:4690 smb:9660 d:s ref:0 ;
in:1502 out:1503 type:b dur:2 cpbdur:2 q:23.15 aq:19.10 tex:43905 mv:25273 misc:11462 imb:30 pmb:4798 smb:9572 d:- ref:0 ;
in:1507 out:1504 type:P dur:2 cpbdur:2 q:23.10 aq:15.14 tex:997292 mv:69987 misc:5289 imb:1450 pmb:11272 smb:1678 d:s ref:0 ;
in:1505 out:1505 type:B dur:2 cpbdur:2 q:23.12 aq:17.62 tex:111164 mv:43381 misc:12807 imb:100 pmb:7130 smb:7170 d:s ref:0 ;
in:1504 out:1506 type:b dur:2 cpbdur:2 q:23.13 aq:19.13 tex:32658 mv:19451 misc:10043 imb:35 pmb:3495 smb:10870 d:s ref:0 ;
in:1506 out:1507 type:b dur:2 cpbdur:2 q:23.11 aq:19.30 tex:54865 mv:27662 misc:11937 imb:64 pmb:5796 smb:8540 d:- ref:0 ;
in:1511 out:1508 type:P dur:2 cpbdur:2 q:23.07 aq:15.20 tex:1014447 mv:67442 misc:5535 imb:1208 pmb:11024 smb:2168 d:s ref:0 ;
in:1509 out:1509 type:B dur:2 cpbdur:2 q:23.09 aq:17.79 tex:144050 mv:43905 misc:11141 imb:81 pmb:7755 smb:6564 d:s ref:0 ;
in:1508 out:1510 type:b dur:2 cpbdur:2 q:23.10 aq:18.92 tex:32361 mv:19320 misc:10007 imb:27 pmb:3670 smb:10703 d:s ref:0 ;
in:1510 out:1511 type:b dur:2 cpbdur:2 q:23.08 aq:19.15 tex:45638 mv:25722 misc:11544 imb:40 pmb:4725 smb:9635 d:- ref:0 ;
in:1515 out:1512 type:P dur:2 cpbdur:2 q:23.04 aq:15.03 tex:1198856 mv:74725 misc:4427 imb:1551 pmb:11640 smb:1209 d:s ref:0 ;
in:1513 out:1513 type:B dur:2 cpbdur:2 q:23.06 aq:17.82 tex:155768 mv:43213 misc:11051 imb:97 pmb:8225 smb:6078 d:s ref:0 ;
in:1512 out:1514 type:b dur:2 cpbdur:2 q:23.07 aq:18.99 tex:36531 mv:21128 misc:11173 imb:22 pmb:4271 smb:10107 d:s ref:0 ;
in:1514 out:1515 type:b dur:2 cpbdur:2 q:23.05 aq:19.16 tex:52074 mv:27956 misc:12202 imb:50 pmb:5394 smb:8956 d:- ref:0 ;
in:1519 out:1516 type:P dur:2 cpbdur:2 q:23.01 aq:15.22 tex:967421 mv:65414 misc:5701 imb:1049 pmb:11267 smb:2084 d:s ref:0 ;
in:1517 out:1517 type:B dur:2 cpbdur:2 q:23.03 aq:17.99 tex:69255 mv:34441 misc:12424 imb:59 pmb:5465 smb:8876 d:s ref:0 ;
in:1516 out:1518 type:b dur:2 cpbdur:2 q:23.03 aq:19.01 tex:41439 mv:22042 misc:10847 imb:29 pmb:4505 smb:9866 d:s ref:0 ;
in:1518 out:1519 type:b dur:2 cpbdur:2 q:23.02 aq:19.03 tex:38701 mv:23369 misc:10882 imb:31 pmb:4434 smb:9935 d:- ref:0 ;
in:1523 out:1520 type:P dur:2 cpbdur:2 q:22.97 aq:15.07 tex:1060421 mv:73279 misc:4700 imb:1470 pmb:11626 smb:1304 d:s ref:0 ;
in:1521 out:1521 type:B dur:2 cpbdur:2 q:22.99 aq:17.66 tex:121716 mv:44655 misc:12933 imb:101 pmb:7370 smb:6929 d:s ref:0 ;
in:1520 out:1522 type:b dur:2 cpbdur:2 q:23.00 aq:19.16 tex:36798 mv:22195 misc:10759 imb:31 pmb:3960 smb:10409 d:s ref:0 ;
in:1522 out:1523 type:b dur:2 cpbdur:2 q:22.98 aq:19.06 tex:61886 mv:29881 misc:12209 imb:59 pmb:6038 smb:8303 d:- ref:0 ;
in:1527 out:1524 type:P dur:2 cpbdur:2 q:22.95 aq:14.90 tex:1071774 mv:74605 misc:4885 imb:1430 pmb:11577 smb:1393 d:s ref:0 ;
in:1525 out:1525 type:B dur:2 cpbdur:2 q:22.96 aq:17.68 tex:158729 mv:47608 misc:11543 imb:91 pmb:8258 smb:6051 d:s ref:0 ;
in:1524 out:1526 type:b dur:2 cpbdur:2 q:22.97 aq:19.35 tex:37325 mv:19475 misc:10488 imb:36 pmb:3806 smb:10558 d:s ref:0 ;
in:1526 out:1527 type:b dur:2 cpbdur:2 q:22.95 aq:18.94 tex:43600 mv:24159 misc:11057 imb:42 pmb:4307 smb:10051 d:- ref:0 ;
in:1531 out:1528 type:P dur:2 cpbdur:2 q:22.92 aq:14.92 tex:1080581 mv:71607 misc:5156 imb:1209 pmb:11560 smb:1631 d:s ref:0 ;
in:1529 out:1529 type:B dur:2 cpbdur:2 q:22.94 aq:17.60 tex:165285 mv:45153 misc:11138 imb:104 pmb:8632 smb:5664 d:s ref:0 ;
in:1528 out:1530 type:b dur:2 cpbdur:2 q:22.94 aq:19.03 tex:35149 mv:20749 misc:11054 imb:24 pmb:4141 smb:10235 d:s ref:0 ;
in:1530 out:1531 type:b dur:2 cpbdur:2 q:22.93 aq:18.97 tex:40740 mv:25379 misc:11185 imb:44 pmb:4337 smb:10019 d:- ref:0 ;
in:1535 out:1532 type:P dur:2 cpbdur:2 q:22.89 aq:15.02 tex:1009748 mv:70429 misc:5159 imb:1270 pmb:11723 smb:1407 d:s ref:0 ;
in:1533 out:1533 type:B dur:2 cpbdur:2 q:22.91 aq:17.82 tex:78424 mv:37503 misc:13361 imb:78 pmb:6178 smb:8144 d:s ref:0 ;
in:1532 out:1534 type:b dur:2 cpbdur:2 q:22.92 aq:18.91 tex:47119 mv:24003 misc:10846 imb:53 pmb:5003 smb:9344 d:s ref:0 ;
in:1534 out:1535 type:b dur:2 cpbdur:2 q:22.90 aq:18.93 tex:45674 mv:25788 misc:11946 imb:36 pmb:4916 smb:9448 d:- ref:0 ;
in:1539 out:1536 type:P dur:2 cpbdur:2 q:22.86 aq:14.93 tex:1072894 mv:71053 misc:4941 imb:1482 pmb:11592 smb:1326 d:s ref:0 ;
in:1537 out:1537 type:B dur:2 cpbdur:2 q:22.88 aq:17.48 tex:114434 mv:43479 misc:12839 imb:91 pmb:7105 smb:7204 d:s ref:0 ;
in:1536 out:1538 type:b dur:2 cpbdur:2 q:22.88 aq:18.90 tex:34634 mv:19162 misc:10164 imb:19 pmb:3554 smb:10827 d:s ref:0 ;
in:1538 out:1539 type:b dur:2 cpbdur:2 q:22.87 aq:18.90 tex:57334 mv:28427 misc:11687 imb:42 pmb:5866 smb:8492 d:- ref:0 ;
in:1543 out:1540 type:P dur:2 cpbdur:2 q:22.83 aq:14.90 tex:1046997 mv:68157 misc:5526 imb:1213 pmb:11175 smb:2012 d:s ref:0 ;
in:1541 out:1541 type:B dur:2 cpbdur:2 q:22.85 aq:17.48 tex:172587 mv:47645 misc:11024 imb:83 pmb:8550 smb:5767 d:s ref:0 ;
in:1540 out:1542 type:b dur:2 cpbdur:2 q:22.86 aq:18.86 tex:39708 mv:20800 misc:10644 imb:26 pmb:4053 smb:10321 d:s ref:0 ;
in:1542 out:1543 type:b dur:2 cpbdur:2 q:22.84 aq:19.07 tex:47542 mv:26065 misc:11369 imb:47 pmb:4713 smb:9640 d:- ref:0 ;
in:1547 out:1544 type:P dur:2 cpbdur:2 q:22.80 aq:14.94 tex:1088983 mv:72284 misc:4949 imb:1361 pmb:11608 smb:1431 d:s ref:0 ;
in:1545 out:1545 type:B dur:2 cpbdur:2 q:22.82 aq:17.45 tex:182970 mv:47944 misc:11374 imb:116 pmb:9202 smb:5082 d:s ref:0 ;
in:1544 out:1546 type:b dur:2 cpbdur:2 q:22.83 aq:18.82 tex:41411 mv:21827 misc:12114 imb:21 pmb:4821 smb:9558 d:s ref:0 ;
in:1546 out:1547 type:b dur:2 cpbdur:2 q:22.81 aq:18.80 tex:50712 mv:27770 misc:12318 imb:49 pmb:5085 smb:9266 d:- ref:0 ;
in:1551 out:1548 type:P dur:2 cpbdur:2 q:22.77 aq:15.08 tex:971822 mv:74401 misc:4841 imb:1273 pmb:11853 smb:1274 d:s ref:0 ;
in:1549 out:1549 type:B dur:2 cpbdur:2 q:22.79 aq:17.97 tex:82743 mv:40130 misc:13391 imb:87 pmb:6297 smb:8016 d:s ref:0 ;
in:1548 out:1550 type:b dur:2 cpbdur:2 q:22.80 aq:18.81 tex:53161 mv:26970 misc:12453 imb:47 pmb:5651 smb:8702 d:s ref:0 ;
in:1550 out:1551 type:b dur:2 cpbdur:2 q:22.78 aq:18.89 tex:48978 mv:26315 misc:11939 imb:37 pmb:5125 smb:9238 d:- ref:0 ;
in:1555 out:1552 type:P dur:2 cpbdur:2 q:22.74 aq:15.06 tex:1007204 mv:70708 misc:5216 imb:1461 pmb:11305 smb:1634 d:s ref:0 ;
in:1553 out:1553 type:B dur:2 cpbdur:2 q:22.75 aq:17.34 tex:131510 mv:47727 misc:12715 imb:124 pmb:7889 smb:6387 d:s ref:0 ;
in:1552 out:1554 type:b dur:2 cpbdur:2 q:22.76 aq:18.72 tex:40303 mv:21184 misc:10529 imb:27 pmb:3921 smb:10452 d:s ref:0 ;
in:1554 out:1555 type:b dur:2 cpbdur:2 q:22.75 aq:18.86 tex:80695 mv:32480 misc:11777 imb:58 pmb:6772 smb:7570 d:- ref:0 ;
in:1559 out:1556 type:P dur:2 cpbdur:2 q:22.71 aq:15.00 tex:1033056 mv:76229 misc:4859 imb:1465 pmb:11549 smb:1386 d:s ref:0 ;
in:1557 out:1557 type:B dur:2 cpbdur:2 q:22.72 aq:17.53 tex:165757 mv:48153 misc:11714 imb:114 pmb:8419 smb:5867 d:s ref:0 ;
in:1556 out:1558 type:b dur:2 cpbdur:2 q:22.73 aq:18.78 tex:40731 mv:21831 misc:10774 imb:37 pmb:4094 smb:10269 d:s ref:0 ;
in:1558 out:1559 type:b dur:2 cpbdur:2 q:22.72 aq:18.82 tex:61328 mv:29563 misc:12221 imb:44 pmb:5818 smb:8538 d:- ref:0 ;
in:1563 out:1560 type:P dur:2 cpbdur:2 q:22.69 aq:15.07 tex:984626 mv:75191 misc:4751 imb:1325 pmb:11773 smb:1302 d:s ref:0 ;
in:1561 out:1561 type:B dur:2 cpbdur:2 q:22.70 aq:17.45 tex:185074 mv:46695 misc:10767 imb:104 pmb:9250 smb:5046 d:s ref:0 ;
in:1560 out:1562 type:b dur:2 cpbdur:2 q:22.71 aq:18.73 tex:45487 mv:22599 misc:11746 imb:31 pmb:4774 smb:9595 d:s ref:0 ;
in:1562 out:1563 type:b dur:2 cpbdur:2 q:22.69 aq:18.71 tex:43171 mv:24435 misc:11594 imb:32 pmb:4548 smb:9820 d:- ref:0 ;
in:1567 out:1564 type:P dur:2 cpbdur:2 q:22.65 aq:15.65 tex:795579 mv:65362 misc:5731 imb:1042 pmb:11237 smb:2121 d:s ref:0 ;
in:1565 out:1565 type:B dur:2 cpbdur:2 q:22.67 aq:17.53 tex:97276 mv:39092 misc:13360 imb:62 pmb:6903 smb:7435 d:s ref:0 ;
in:1564 out:1566 type:b dur:2 cpbdur:2 q:22.68 aq:18.69 tex:47394 mv:22758 misc:11152 imb:48 pmb:4853 smb:9499 d:s ref:0 ;
in:1566 out:1567 type:b dur:2 cpbdur:2 q:22.66 aq:18.73 tex:50679 mv:26136 misc:11681 imb:31 pmb:5063 smb:9306 d:- ref:0 ;
in:1571 out:1568 type:P dur:2 cpbdur:2 q:22.60 aq:16.59 tex:686883 mv:70357 misc:5992 imb:1421 pmb:11157 smb:1822 d:s ref:0 ;
in:1569 out:1569 type:B dur:2 cpbdur:2 q:22.63 aq:17.47 tex:171233 mv:49698 misc:12205 imb:113 pmb:8407 smb:5880 d:s ref:0 ;
in:1568 out:1570 type:b dur:2 cpbdur:2 q:22.64 aq:18.91 tex:48032 mv:22587 misc:11557 imb:28 pmb:4256 smb:10116 d:s ref:0 ;
in:1570 out:1571 type:b dur:2 cpbdur:2 q:22.61 aq:18.77 tex:95311 mv:34519 misc:12546 imb:76 pmb:7500 smb:6824 d:- ref:0 ;
in:1573 out:1572 type:P dur:2 cpbdur:2 q:22.55 aq:18.75 tex:194450 mv:36367 misc:9711 imb:448 pmb:7774 smb:6178 d:s ref:0 ;
in:1572 out:1573 type:b dur:2 cpbdur:2 q:22.58 aq:18.62 tex:65140 mv:18063 misc:11021 imb:36 pmb:4514 smb:9850 d:s ref:0 ;
